DATE,EXPECTED TYPE A TRUCKS,ACTUAL  TYPE A TRUCKS,OUTSIDE EXTRA  TYPE A TRUCKS,EXPECTED  TYPE B FORK TRUCKS,ACTUAL  TYPE B TRUCKS,EXPECTED  TYPE C TRUCKS,ACTUAL  TYPE C TRUCKS,"LARGE DELIVERIES 
(LBS)",SMALL DELIVERIES (LBS),"LARGE DELIVERIES 
(QTY)","SMALL DELIVERIES 
(QTY)"," RESCHEDULES
(QTY)","RESCHEDULES
(LBS)"
3-Jan-22,36,21,12,12,6,12,15,"19,002,960","923,670",518,294,5,"6,620"
4-Jan-22,36,21,6,12,9,12,15,"16,356,930","1,153,725",476,371,6,"6,771"
5-Jan-22,36,24,3,12,9,12,15,"12,386,130","1,147,290",406,280,7,"16,151"
6-Jan-22,36,18,3,12,6,12,15,"16,140,180","1,025,670",483,357,8,"10,504"
7-Jan-22,36,21,9,12,9,12,15,"20,495,640","770,505",602,280,6,"14,142"
10-Jan-22,36,21,6,12,9,12,9,"18,340,125","1,188,240",504,364,7,"20,061"
11-Jan-22,36,18,9,12,9,12,12,"19,898,250","1,132,980",616,427,6,"10,076"
12-Jan-22,36,18,3,12,9,12,15,"14,550,255","1,015,365",399,413,4,"9,623"
13-Jan-22,36,21,12,12,9,12,15,"20,526,750","1,319,250",525,420,7,364
14-Jan-22,36,21,12,12,9,12,15,"15,294,225","1,232,520",301,560,5,"7,204"
18-Jan-22,36,24,12,12,9,12,15,"20,186,385","1,074,345",532,266,6,"9,115"
19-Jan-22,36,21,12,12,9,12,12,"15,986,655","1,401,345",490,364,7,"7,619"
20-Jan-22,36,21,12,12,6,12,12,"15,338,760","846,870",413,294,9,"14,933"
21-Jan-22,36,15,15,12,6,12,15,"18,617,670","776,130",371,266,6,"13,053"
24-Jan-22,36,21,9,12,6,12,15,"15,272,925","994,335",357,329,7,"4,823"
25-Jan-22,36,21,9,12,9,12,15,"17,471,055","1,031,835",455,364,7,"18,438"
27-Jan-22,36,21,15,12,9,12,15,"25,913,445","579,885",511,175,6,"8,717"
31-Jan-22,36,21,12,12,9,12,12,"19,703,025","902,010",518,315,8,"29,895"
1-Feb-22,36,18,12,12,9,12,12,"14,194,845","852,615",427,343,6,"15,915"
2-Feb-22,36,21,15,12,9,12,12,"16,689,435","909,585",462,210,8,"14,250"
7-Feb-22,36,24,12,12,9,12,15,"9,279,810","478,140",252,49,10,"27,106"
8-Feb-22,36,21,6,12,9,12,12,"12,885,750","656,790",357,217,7,"8,074"
9-Feb-22,36,21,0,12,9,12,9,"12,567,195","437,625",322,210,6,"10,895"
11-Feb-22,36,21,6,12,9,12,12,"16,672,245","1,062,915",364,231,8,"10,855"
14-Feb-22,36,24,9,12,9,12,12,"19,148,535","860,955",511,280,10,"20,367"
15-Feb-22,36,24,9,12,9,12,12,"14,308,965","794,175",315,266,9,"25,385"
16-Feb-22,36,21,9,12,9,12,12,"12,851,520","625,770",294,238,8,"27,018"
17-Feb-22,36,21,12,12,9,12,15,"12,118,575","2,762,520",343,686,10,"18,477"
21-Feb-22,36,18,9,12,9,12,12,"18,462,885","1,281,495",434,371,10,"5,589"
22-Feb-22,36,21,15,12,9,12,12,"14,522,205","1,199,940",343,385,11,"31,440"
25-Feb-22,36,18,12,12,9,12,9,"9,676,020","465,015",245,133,11,"13,510"
28-Feb-22,36,15,9,12,9,12,12,"13,575,630","1,516,335",294,385,13,"13,622"
1-Mar-22,36,15,3,12,9,12,12,"17,161,815","731,130",399,287,9,"9,143"
2-Mar-22,36,15,12,12,9,12,15,"14,804,100","1,017,915",441,315,10,"13,188"
3-Mar-22,36,15,15,12,9,12,12,"11,850,135","904,305",364,280,9,"8,655"
4-Mar-22,36,12,9,12,6,12,12,"14,184,795","1,300,590",399,287,8,"5,502"
7-Mar-22,36,15,12,12,6,12,15,"22,197,915","1,250,835",518,357,11,"22,831"
8-Mar-22,36,15,6,12,6,12,12,"22,052,565","901,020",546,287,8,"1,624"
9-Mar-22,36,15,12,12,6,12,15,"13,740,795","731,895",406,189,12,"28,518"
10-Mar-22,36,18,15,12,6,12,15,"19,550,145","741,315",567,238,11,"9,019"
11-Mar-22,36,15,12,12,6,12,12,"15,257,715","827,085",483,259,8,"10,421"
14-Mar-22,36,18,12,12,6,12,12,"19,175,400","765,390",504,217,11,"8,223"
15-Mar-22,36,15,18,12,3,12,12,"17,005,605","574,725",364,189,9,"26,567"
16-Mar-22,36,15,12,12,6,12,15,"12,543,075","1,574,985",448,427,12,"39,399"
17-Mar-22,36,18,18,12,6,12,15,"16,837,095","936,285",525,273,12,"21,629"
18-Mar-22,36,18,15,12,6,12,15,"11,218,605","1,444,365",448,350,9,"21,883"
21-Mar-22,36,15,9,12,6,12,9,"10,962,825","1,766,850",350,462,10,"24,960"
22-Mar-22,36,15,12,12,6,12,15,"13,596,780","1,128,540",420,350,11,"15,707"
23-Mar-22,36,15,12,12,6,12,12,"16,367,115","1,028,580",413,378,12,"15,525"
24-Mar-22,36,15,12,12,6,12,12,"22,308,225","1,173,255",595,245,12,"19,345"
25-Mar-22,36,15,18,12,6,12,15,"19,166,280","745,965",434,329,9,"25,855"
28-Mar-22,36,21,12,12,6,12,15,"17,686,875","1,101,075",497,203,11,"19,810"
29-Mar-22,36,18,15,12,6,12,12,"18,069,660","1,953,990",546,553,8,"15,970"
30-Mar-22,36,18,15,12,6,12,12,"18,787,215","1,710,090",539,441,9,"16,914"
31-Mar-22,36,18,12,12,6,12,12,"15,828,450","807,285",469,217,13,"29,891"
1-Apr-22,36,21,12,12,6,12,12,"16,857,510","1,317,675",371,441,8,0
4-Apr-22,36,18,12,12,6,12,12,"14,645,370","1,676,205",427,448,9,"8,869"
5-Apr-22,36,18,12,12,9,12,12,"15,327,285","1,308,390",301,560,10,"14,913"
6-Apr-22,36,18,12,12,9,12,15,"19,089,735","1,491,915",406,399,9,"11,253"
7-Apr-22,36,18,12,12,9,12,15,"22,866,855","1,207,785",511,301,10,"7,667"
8-Apr-22,36,18,18,12,9,12,15,"20,785,320","1,118,790",532,315,7,"5,544"
11-Apr-22,36,18,12,12,9,12,15,"14,298,195","1,495,470",378,322,12,"17,526"
12-Apr-22,36,21,12,12,9,12,15,"14,948,460","759,300",413,406,9,"17,683"
13-Apr-22,36,24,12,12,9,12,15,"15,396,990","1,511,940",511,434,7,"7,251"
14-Apr-22,36,21,9,12,9,12,15,"18,606,300","1,736,625",434,525,9,"7,234"
15-Apr-22,36,21,9,12,9,12,15,"17,365,305","863,880",504,301,7,"9,968"
18-Apr-22,36,21,12,12,9,12,15,"19,849,350","1,250,295",546,350,9,"7,135"
19-Apr-22,36,18,15,12,9,12,15,"18,912,240","1,400,220",518,441,8,"14,547"
20-Apr-22,36,21,12,12,9,12,15,"20,030,595","1,473,045",581,406,8,"7,626"
21-Apr-22,36,21,12,12,6,12,15,"21,428,385","1,208,910",525,280,6,533
22-Apr-22,36,18,15,12,6,12,12,"22,428,255","1,208,370",525,343,5,"3,310"
25-Apr-22,36,18,12,12,6,12,15,"19,814,835","1,359,510",413,392,7,"26,832"
26-Apr-22,36,21,12,12,6,12,15,"19,167,735","1,387,260",539,357,6,"7,288"
27-Apr-22,36,21,12,12,6,12,15,"22,056,255","874,695",665,441,6,"5,113"
28-Apr-22,36,18,18,12,6,12,15,"18,739,965","1,086,135",546,665,6,"6,786"
29-Apr-22,36,15,12,12,3,12,15,"18,817,065","890,415",476,266,6,"4,571"
2-May-22,36,18,12,12,6,12,15,"20,409,585","1,478,940",511,490,6,"11,941"
3-May-22,36,24,12,12,6,12,15,"15,436,770","1,777,440",385,406,9,"19,631"
4-May-22,36,24,18,12,6,12,15,"16,569,810","1,057,050",455,343,8,"10,988"
5-May-22,36,21,15,12,3,12,15,"23,549,775","695,820",518,217,8,989
6-May-22,36,18,12,12,6,12,15,"11,787,825","843,885",308,322,13,"29,114"
9-May-22,36,21,9,12,6,12,15,"15,824,880","1,052,580",385,392,9,"7,223"
10-May-22,36,21,12,12,6,12,15,"18,645,600","1,289,190",504,378,10,"7,562"
11-May-22,36,21,9,12,6,12,15,"19,847,865","1,570,035",504,427,8,"14,803"
12-May-22,36,18,18,12,6,12,15,"16,485,795","1,215,030",462,392,10,"8,662"
13-May-22,36,18,15,12,6,12,12,"17,346,105","2,068,665",497,539,10,"6,613"
16-May-22,36,18,15,12,6,12,12,"18,531,030","1,814,670",483,406,11,"7,517"
17-May-22,36,21,15,12,6,12,12,"18,111,540","1,172,760",567,469,9,"10,858"
18-May-22,36,18,21,12,6,12,12,"22,680,435","2,112,780",546,588,7,"3,857"
19-May-22,36,18,18,12,6,12,12,"20,108,700","887,340",525,259,9,0
20-May-22,36,18,15,12,9,12,12,"19,189,515","1,142,190",581,336,8,"4,434"
23-May-22,36,18,18,12,9,12,15,"17,502,285","829,020",462,238,9,"2,703"
24-May-22,36,18,12,12,9,12,15,"15,461,280","1,104,270",511,287,9,"10,313"
25-May-22,36,18,12,12,9,12,15,"17,104,305","1,397,970",448,406,7,"5,649"
26-May-22,36,18,18,12,9,12,15,"16,318,155","788,790",483,231,13,"5,935"
27-May-22,36,18,12,12,6,12,15,"17,254,665","651,420",350,245,7,"14,851"
31-May-22,36,18,12,12,9,12,15,"20,960,490","1,441,155",553,364,8,"3,789"
1-Jun-22,36,18,18,12,9,12,15,"16,688,820","1,237,875",476,511,6,"7,786"
2-Jun-22,36,18,18,12,9,12,15,"17,448,135","1,034,685",560,189,9,"1,558"
3-Jun-22,36,15,15,12,9,12,15,"13,120,635","858,345",371,364,7,"13,252"
6-Jun-22,36,15,12,12,9,12,15,"16,929,285","2,232,360",413,469,9,"4,894"
7-Jun-22,36,15,12,12,9,12,15,"18,284,565","1,652,520",616,315,8,"4,026"
8-Jun-22,36,12,15,12,9,12,15,"18,638,025","1,330,635",490,399,8,"1,179"
9-Jun-22,36,15,9,12,9,12,15,"12,270,855","916,335",343,308,11,"13,805"
10-Jun-22,36,15,9,12,6,12,15,"13,427,835","610,065",392,315,7,"6,936"
13-Jun-22,36,15,12,12,9,12,15,"18,171,525","1,060,665",490,266,10,"21,058"
14-Jun-22,36,15,12,12,9,12,15,"15,734,610","1,541,715",511,399,9,"27,967"
15-Jun-22,36,12,18,12,9,12,15,"19,298,565","1,146,450",560,385,11,"6,222"
16-Jun-22,36,15,21,12,9,12,12,"21,332,835","1,479,780",476,483,11,"2,142"
17-Jun-22,36,18,12,12,9,12,15,"20,017,905","855,015",441,259,6,"3,395"
20-Jun-22,36,18,24,12,9,12,12,"14,462,025","1,458,405",399,539,9,"4,484"
21-Jun-22,36,24,18,12,9,12,15,"16,994,685","1,674,705",427,420,9,"8,042"
22-Jun-22,36,18,15,12,9,12,12,"11,214,075","1,061,730",469,224,9,"17,371"
23-Jun-22,36,18,6,12,9,12,12,"15,434,730","948,255",413,280,10,"4,108"
24-Jun-22,36,15,3,12,9,12,12,"8,881,050","965,850",357,294,7,"22,542"
27-Jun-22,36,15,9,12,9,12,12,"12,267,900","1,059,285",385,336,13,"11,421"
28-Jun-22,36,18,6,12,9,12,12,"12,142,485","905,010",350,350,8,"1,099"
29-Jun-22,36,18,3,12,9,12,12,"11,552,190","787,260",385,315,13,"21,113"
30-Jun-22,36,15,3,12,9,12,12,"10,780,680","1,044,450",357,280,12,"67,155"
1-Jul-22,36,18,3,12,9,12,12,"8,443,890","779,715",301,238,8,"16,940"
5-Jul-22,36,21,9,12,9,12,12,"16,507,680","924,315",462,308,12,"17,878"
6-Jul-22,36,18,9,12,9,12,12,"17,119,125","1,381,260",343,343,9,"19,354"
7-Jul-22,36,21,12,12,9,12,12,"17,919,510","1,003,290",427,448,8,"7,783"
8-Jul-22,36,21,12,12,9,12,12,"12,663,270","1,165,215",231,245,5,"3,027"
11-Jul-22,36,27,0,12,9,12,12,"14,003,895","1,054,995",462,287,9,"9,918"
12-Jul-22,36,21,3,12,9,12,9,"17,417,415","1,007,640",539,273,6,"11,593"
13-Jul-22,36,21,3,12,9,12,12,"17,224,650","1,200,630",476,532,6,"3,606"
14-Jul-22,36,27,0,12,9,12,9,"15,199,125","1,347,195",476,476,7,"5,092"
15-Jul-22,36,18,0,12,9,12,12,"7,549,725","1,366,200",252,413,5,"7,436"
18-Jul-22,36,27,3,12,9,12,12,"16,639,080","857,880",441,252,10,"8,802"
19-Jul-22,36,21,6,12,9,12,12,"13,513,980","1,187,205",420,315,6,"14,439"
20-Jul-22,36,33,3,12,9,12,12,"13,166,145","1,098,540",371,392,5,"12,472"
21-Jul-22,36,24,3,12,9,12,12,"18,322,485","642,975",490,224,7,"10,836"
22-Jul-22,36,24,3,12,6,12,12,"10,934,055","630,150",294,196,4,"3,671"
25-Jul-22,36,24,6,12,9,12,12,"19,201,080","1,256,685",532,252,7,"4,918"
26-Jul-22,36,36,6,12,6,12,12,"14,627,310","1,375,455",448,336,5,"15,141"
27-Jul-22,36,27,3,12,6,12,12,"13,481,790","1,417,485",413,385,7,"11,555"
28-Jul-22,36,27,6,12,6,12,12,"15,092,910","817,755",455,350,8,"4,784"
29-Jul-22,36,33,3,12,6,12,12,"8,551,320","904,755",245,238,5,"8,604"
1-Aug-22,36,30,3,12,9,12,9,"17,443,545","974,940",602,287,7,"10,314"
2-Aug-22,36,30,3,12,9,12,12,"10,346,190","1,206,540",371,280,4,"3,928"
3-Aug-22,36,27,0,12,9,12,9,"10,320,885","1,162,935",301,371,8,"10,524"
4-Aug-22,36,21,0,12,6,12,12,"8,158,485","708,330",280,210,7,"5,775"
5-Aug-22,36,18,0,12,6,12,12,"7,737,105","1,153,305",196,329,5,"12,971"
8-Aug-22,36,24,3,12,6,12,12,"14,078,235","1,669,440",385,357,11,"20,943"
9-Aug-22,36,24,6,12,6,12,12,"10,128,885","1,087,215",322,357,6,"11,768"
10-Aug-22,36,18,6,12,6,12,12,"10,693,695","965,625",315,224,6,"20,765"
11-Aug-22,36,21,0,12,6,12,12,"10,553,700","839,910",336,455,8,"8,685"
12-Aug-22,36,15,3,12,6,12,12,"9,949,560","897,015",336,287,4,"3,173"
15-Aug-22,36,27,6,12,6,12,12,"18,934,860","1,326,855",364,301,7,"8,501"
16-Aug-22,36,21,3,12,3,12,12,"12,050,445","1,180,215",371,357,4,"10,718"
17-Aug-22,36,21,6,12,9,12,12,"12,484,605","1,052,700",392,427,5,"13,385"
18-Aug-22,36,24,3,12,9,12,12,"8,745,105","1,851,360",371,385,5,"6,717"
19-Aug-22,36,21,0,12,6,12,12,"13,047,825","836,415",322,224,5,"16,450"
22-Aug-22,36,21,0,12,6,12,12,"11,345,325","811,335",350,259,7,"25,327"
23-Aug-22,36,18,0,12,6,12,12,"9,082,155","652,155",245,245,5,"11,186"
24-Aug-22,36,21,0,12,6,12,12,"7,519,410","641,160",231,273,8,"10,259"
25-Aug-22,36,21,0,12,6,12,12,"13,733,325","1,186,980",427,315,5,705
26-Aug-22,36,21,3,12,6,12,12,"14,399,175","691,725",322,273,5,"10,136"
29-Aug-22,36,18,6,12,6,12,12,"16,242,015","804,360",525,294,6,"10,434"
30-Aug-22,36,18,0,12,6,12,12,"8,485,005","1,184,340",273,329,6,"4,028"
31-Aug-22,36,21,3,12,6,12,12,"12,578,895","1,323,900",392,301,5,"2,245"
1-Sep-22,36,21,3,12,9,12,12,"9,221,250","892,290",308,280,7,"12,399"
2-Sep-22,36,21,0,12,9,12,12,"8,936,895","809,400",238,245,5,"1,636"
6-Sep-22,36,21,6,12,9,12,12,"16,890,225","872,055",504,259,10,"3,413"
7-Sep-22,36,18,6,12,9,12,12,"10,810,230","1,784,715",364,483,5,"4,656"
8-Sep-22,36,21,3,12,9,12,12,"14,959,395","1,242,090",378,434,4,"1,948"
9-Sep-22,36,18,3,12,9,12,12,"13,462,050","673,545",392,266,3,668
12-Sep-22,36,21,9,12,9,12,12,"15,216,885","841,470",364,364,6,"3,705"
13-Sep-22,36,15,9,12,9,12,12,"16,133,325","1,302,825",546,308,3,0
14-Sep-22,36,30,3,12,9,12,12,"16,076,535","1,234,470",385,322,5,0
15-Sep-22,36,18,0,12,6,12,12,"10,526,880","703,440",385,189,6,"5,152"
16-Sep-22,36,21,0,12,6,12,9,"6,839,250","879,915",252,231,3,350
19-Sep-22,36,15,3,12,9,12,9,"11,845,050","1,258,710",413,420,5,"2,931"
20-Sep-22,36,24,0,12,9,12,9,"7,729,485","1,374,375",175,343,3,"6,693"
21-Sep-22,36,21,0,12,9,12,9,"7,146,885","1,140,930",273,287,4,"4,721"
22-Sep-22,36,18,0,12,9,12,6,"6,789,120","1,339,770",252,336,3,"2,989"
23-Sep-22,36,21,0,12,9,12,6,"6,100,770","999,270",196,280,4,"9,510"
26-Sep-22,36,24,3,12,9,12,6,"17,151,840","934,965",532,266,5,"12,320"
27-Sep-22,36,24,0,12,9,12,6,"10,766,670","1,122,900",245,322,3,"5,040"
28-Sep-22,36,30,0,12,9,12,6,"9,927,030","1,281,885",287,427,6,"7,346"
30-Sep-22,36,21,0,12,9,12,6,"7,396,185","708,570",266,301,4,"1,447"
3-Oct-22,36,24,0,12,9,12,6,"15,740,085","684,015",350,252,3,"7,560"
4-Oct-22,36,24,0,12,9,12,6,"14,990,520","1,360,215",280,357,4,"14,490"
5-Oct-22,36,24,0,12,9,12,6,"13,265,205","998,760",308,378,4,"9,263"
10-Oct-22,36,24,3,12,9,12,6,"16,210,200","1,019,205",455,490,4,"2,678"
11-Oct-22,36,24,0,12,9,12,6,"7,036,950","1,190,835",224,329,3,"8,641"
12-Oct-22,36,24,0,12,9,12,3,"11,585,340","1,382,280",343,434,3,"9,664"
13-Oct-22,36,21,0,12,9,12,6,"13,469,655","783,735",336,266,3,"7,214"
14-Oct-22,36,24,0,12,6,12,6,"9,978,555","1,327,020",231,434,3,"9,690"
17-Oct-22,36,21,3,12,9,12,6,"12,861,750","992,895",364,378,7,"18,021"
18-Oct-22,36,24,3,12,9,12,6,"13,610,820","1,350,585",308,511,3,"7,590"
19-Oct-22,36,24,0,12,9,12,6,"7,866,585","1,020,015",294,273,4,"7,518"
20-Oct-22,36,21,0,12,9,12,6,"10,983,825","1,519,740",294,420,4,"4,052"
21-Oct-22,36,24,3,12,9,12,6,"12,056,220","1,103,610",322,364,3,558
24-Oct-22,36,21,3,12,3,12,6,"8,877,180","1,101,960",273,364,4,"13,289"
25-Oct-22,36,24,0,12,6,12,6,"7,174,380","977,355",217,280,5,"16,068"
26-Oct-22,36,21,0,12,6,12,6,"9,407,880","950,625",385,350,3,"2,741"
27-Oct-22,36,21,0,12,6,12,6,"7,877,370","508,425",259,287,4,"8,554"
28-Oct-22,36,21,0,12,6,12,6,"6,748,230","503,355",154,189,4,"8,640"
31-Oct-22,36,18,0,12,6,12,6,"7,957,020","1,218,840",252,329,5,"11,115"
1-Nov-22,36,18,0,12,9,12,3,"14,081,190","1,112,145",315,434,5,"9,960"
2-Nov-22,36,18,0,12,9,12,3,"12,491,910","2,137,095",266,455,2,"9,647"
3-Nov-22,36,18,0,12,9,12,3,"10,136,850","1,482,600",273,553,4,771
4-Nov-22,36,21,0,12,6,12,3,"6,879,750","596,505",168,224,4,"8,319"
7-Nov-22,36,21,9,12,6,12,3,"16,109,745","1,088,370",420,287,5,"10,162"
8-Nov-22,36,24,0,12,6,12,3,"10,059,630","772,350",224,273,4,"3,060"
9-Nov-22,36,21,0,12,9,12,3,"14,508,750","1,139,310",350,357,4,"6,810"
10-Nov-22,36,21,0,12,9,12,3,"9,575,955","698,925",231,329,4,"3,139"
11-Nov-22,36,21,0,12,6,12,3,"8,950,005","954,945",203,336,3,"1,046"
14-Nov-22,36,18,0,12,6,12,3,"10,517,850","1,034,355",308,252,5,"25,547"
15-Nov-22,36,18,0,12,9,12,3,"6,406,560","1,159,680",182,336,4,"7,706"
16-Nov-22,36,18,0,12,9,12,3,"10,345,755","1,129,095",217,392,3,"10,032"
17-Nov-22,36,18,0,12,6,12,3,"5,244,855","1,697,040",182,434,5,"14,965"
18-Nov-22,36,24,0,12,6,12,3,"6,726,285","953,895",161,273,3,"1,411"
21-Nov-22,36,18,0,12,9,12,3,"10,614,885","1,022,760",280,315,4,"10,824"
22-Nov-22,36,18,0,12,9,12,3,"11,440,065","874,305",259,217,2,"2,491"
23-Nov-22,36,18,0,12,9,12,3,"7,626,000","701,355",210,252,2,"7,165"
28-Nov-22,36,18,0,12,9,12,3,"10,010,205","713,730",294,252,5,"11,800"
29-Nov-22,36,18,0,12,9,12,3,"8,914,335","889,680",203,308,3,"4,926"
30-Nov-22,36,24,0,12,6,12,3,"7,844,085","890,760",245,280,3,"4,194"
1-Dec-22,36,21,0,12,6,12,3,"4,591,260","578,280",189,252,3,"6,387"
2-Dec-22,36,18,0,12,9,12,3,"5,954,670","741,405",182,189,2,273
5-Dec-22,21,21,0,9,9,3,3,"13,106,865","1,358,865",301,308,3,"9,288"
6-Dec-22,21,15,0,9,9,3,3,"10,433,385","1,150,005",315,287,2,0
7-Dec-22,21,27,0,9,9,3,3,"12,225,525","785,385",266,294,2,415
8-Dec-22,21,21,3,9,6,3,3,"7,771,800","635,040",175,280,3,"4,610"
9-Dec-22,21,21,0,9,9,3,3,"11,457,225","840,495",196,217,2,"2,565"
12-Dec-22,21,18,3,9,9,3,3,"12,539,685","852,510",280,182,4,"3,538"
13-Dec-22,21,18,0,9,9,3,3,"3,789,180","645,765",133,210,2,"1,871"
14-Dec-22,21,21,0,9,9,3,3,"6,769,530","592,005",154,126,4,"13,065"
15-Dec-22,21,18,0,9,9,3,3,"7,647,810","838,725",203,217,3,"12,437"
16-Dec-22,21,21,0,9,9,3,3,"6,615,000","430,080",245,189,3,"6,514"
19-Dec-22,21,21,6,9,9,3,3,"15,872,610","817,440",350,203,5,"14,602"
20-Dec-22,21,21,0,9,9,3,3,"9,757,530","1,862,940",308,378,3,"5,718"
21-Dec-22,21,21,0,9,9,3,3,"9,916,590","975,300",308,301,3,"6,737"
22-Dec-22,21,21,0,9,9,3,3,"9,372,195","693,285",238,231,3,"6,282"
26-Dec-22,21,21,0,9,9,3,3,"5,224,350","375,945",154,126,2,"4,041"
27-Dec-22,21,21,0,9,9,3,3,"11,151,765","472,740",245,98,3,"1,972"
28-Dec-22,21,21,0,9,9,3,3,"6,455,955","717,585",161,301,1,"2,924"
29-Dec-22,21,21,0,9,9,3,3,"12,058,605","925,380",287,224,4,"16,282"
2-Jan-23,21,21,0,9,6,3,3,"11,217,435","597,570",238,161,3,0
3-Jan-23,21,21,0,9,9,3,3,"9,613,215","1,138,605",245,294,2,"10,268"
4-Jan-23,21,18,6,9,6,3,3,"14,226,090","1,487,160",301,378,2,"3,387"
5-Jan-23,21,18,0,9,6,3,3,"9,357,240","597,765",294,189,2,"3,253"
6-Jan-23,21,18,0,9,6,3,3,"11,284,740","715,515",329,329,1,0
9-Jan-23,21,21,0,9,9,3,3,"16,629,000","1,037,970",427,322,3,"2,807"
10-Jan-23,21,21,0,9,9,3,3,"10,031,925","917,700",252,252,3,"6,623"
11-Jan-23,21,21,0,9,9,3,3,"12,206,085","1,329,570",399,483,2,"5,840"
12-Jan-23,21,18,0,9,6,3,3,"6,283,245","875,265",231,315,2,"2,676"
13-Jan-23,21,18,0,9,6,3,3,"7,856,775","952,995",259,434,2,0
16-Jan-23,21,21,0,9,9,3,3,"13,228,785","849,255",322,357,1,0
17-Jan-23,21,21,0,9,6,3,3,"6,836,460","660,900",161,329,0,"5,589"
18-Jan-23,21,21,0,9,9,3,3,"11,836,395","856,980",252,413,2,"7,760"
19-Jan-23,21,21,3,9,6,3,3,"13,251,330","1,019,655",294,476,1,"4,253"
20-Jan-23,21,21,0,9,6,3,3,"7,288,395","708,660",231,231,1,"1,569"
23-Jan-23,21,18,3,9,9,3,3,"12,494,670","978,630",273,315,4,"4,614"
24-Jan-23,21,21,3,9,9,3,3,"11,569,605","821,160",238,224,3,539
25-Jan-23,21,21,0,9,9,3,3,"9,980,385","1,116,660",245,364,4,"15,683"
26-Jan-23,21,21,0,9,9,3,3,"4,809,690","721,350",126,350,4,"5,909"
27-Jan-23,21,21,0,9,6,3,3,"14,337,045","756,165",315,308,3,"13,416"
30-Jan-23,21,21,0,9,9,3,3,"4,565,685",0,140,0,8,135
3-Feb-23,21,21,3,9,9,3,3,"14,869,995","1,296,390",322,504,19,0
6-Feb-23,21,21,12,9,6,3,3,"13,562,625","310,050",329,119,6,"5,373"
7-Feb-23,21,21,0,9,6,3,3,"7,924,995","273,210",203,140,4,608
8-Feb-23,21,21,0,9,9,3,3,"5,061,885","475,665",105,175,5,"3,891"
9-Feb-23,21,18,0,9,9,3,3,"3,469,335","469,350",147,182,5,863
10-Feb-23,21,21,0,9,6,3,3,"5,747,970","680,310",147,252,4,993
13-Feb-23,21,21,0,9,6,3,3,"10,649,595","1,087,335",280,315,4,0
14-Feb-23,21,21,0,9,9,3,3,"3,344,190","655,680",203,182,3,238
15-Feb-23,21,21,0,9,9,3,3,"9,660,585","1,102,155",294,322,4,0
16-Feb-23,21,21,0,9,9,3,3,"6,328,875","795,300",189,294,3,0
17-Feb-23,21,18,0,9,9,3,3,"8,547,210","732,210",210,315,2,"3,700"
20-Feb-23,21,21,0,9,9,3,3,"11,720,205","671,730",322,182,2,0
21-Feb-23,21,21,0,9,9,3,3,"7,421,190","880,275",140,385,2,0
22-Feb-23,21,24,6,9,6,3,3,"15,022,965","631,575",357,273,4,0
23-Feb-23,21,18,0,9,6,3,3,"9,604,800","576,150",294,210,3,0
24-Feb-23,21,21,0,9,6,3,3,"6,905,280","603,360",175,196,5,0
27-Feb-23,21,24,6,9,6,3,3,"13,815,465","903,810",357,252,5,0
28-Feb-23,21,24,6,9,6,3,3,"12,670,695","423,600",280,161,4,0
1-Mar-23,21,24,6,9,6,3,3,"14,544,810","623,505",364,196,5,0
2-Mar-23,21,24,0,9,6,3,3,"13,921,155","571,485",322,525,4,275
3-Mar-23,21,24,0,9,6,3,3,"11,801,055","619,365",259,231,3,506
6-Mar-23,21,24,3,9,6,3,3,"17,056,155","464,535",455,217,5,"8,183"
7-Mar-23,21,24,3,9,6,3,3,"12,153,075","811,515",357,322,6,120
8-Mar-23,21,21,0,9,6,3,3,"12,780,375","584,175",392,182,5,658
9-Mar-23,21,21,0,9,6,3,3,"11,884,815","1,118,160",364,315,8,0
10-Mar-23,21,21,3,9,6,3,3,"14,097,825","777,990",350,280,5,"2,529"
13-Mar-23,21,24,9,9,3,3,3,"16,596,855","1,118,265",483,371,7,0
14-Mar-23,21,24,6,9,6,3,3,"12,982,275","732,660",378,280,4,0
15-Mar-23,21,24,3,9,3,3,3,"14,555,910","993,930",448,336,7,"4,034"
16-Mar-23,21,24,0,9,3,3,3,"10,809,030","505,155",336,203,6,"14,883"
17-Mar-23,21,21,0,9,3,3,3,"11,913,675","575,370",399,231,5,"1,625"
20-Mar-23,21,18,6,9,3,3,3,"14,883,990","983,355",427,378,6,"5,980"
21-Mar-23,21,24,6,9,3,3,3,"15,297,315","927,600",357,322,5,"2,725"
22-Mar-23,21,24,9,9,6,3,3,"16,452,570","896,805",441,329,5,"2,353"
23-Mar-23,21,24,9,9,6,3,3,"15,274,170","1,258,815",392,371,5,"8,433"
24-Mar-23,21,24,6,9,6,3,3,"13,236,645","857,580",350,294,4,"2,951"
27-Mar-23,21,24,9,9,6,3,3,"15,426,555","742,260",490,322,5,"2,895"
28-Mar-23,21,24,9,9,6,3,3,"16,945,860","726,930",476,301,4,"1,904"
29-Mar-23,21,24,9,9,9,3,3,"17,438,655","890,205",427,266,4,"2,686"
30-Mar-23,21,24,9,9,6,3,3,"15,400,545","863,730",399,357,4,"3,695"
31-Mar-23,21,21,9,9,3,3,3,"16,295,475","843,225",483,350,3,"2,221"
3-Apr-23,24,24,9,9,9,3,3,"15,858,660","792,270",448,259,6,"6,270"
4-Apr-23,24,24,9,9,9,3,3,"14,931,120","909,885",441,357,4,"1,871"
5-Apr-23,24,24,6,9,9,3,3,"16,258,725","1,077,405",392,392,3,"4,001"
6-Apr-23,24,24,9,9,9,3,3,"17,621,490","1,015,770",504,322,3,"1,122"
7-Apr-23,24,24,9,9,6,3,3,"16,756,185","389,910",448,182,3,"3,364"
10-Apr-23,24,21,9,9,6,3,3,"18,065,790","688,740",483,203,4,625
11-Apr-23,24,21,9,9,6,3,3,"16,002,285","742,080",420,301,4,"2,251"
12-Apr-23,24,24,9,9,6,3,3,"15,804,630","862,155",448,315,4,973
13-Apr-23,24,24,9,9,6,3,3,"13,987,170","678,810",441,266,3,0
14-Apr-23,24,24,9,9,6,3,3,"13,701,015","644,265",371,280,4,"10,140"
17-Apr-23,24,24,6,9,6,3,3,"13,314,675","1,107,315",476,427,4,"4,668"
18-Apr-23,24,24,6,9,6,3,3,"14,426,250","1,025,955",336,350,3,"5,357"
19-Apr-23,24,24,9,9,9,3,3,"14,644,680","1,342,080",308,427,4,"2,799"
20-Apr-23,24,24,6,9,9,3,3,"13,637,235","659,370",434,406,4,"2,508"
21-Apr-23,24,24,6,9,9,3,3,"14,086,050","468,465",469,266,4,"1,713"
24-Apr-23,24,24,9,9,6,3,3,"13,293,840","991,830",483,371,5,"6,902"
25-Apr-23,24,24,6,9,6,3,3,"13,874,205","1,032,945",420,378,4,"10,214"
26-Apr-23,24,21,9,9,6,3,3,"16,261,365","453,090",420,287,5,"1,987"
27-Apr-23,24,24,9,9,6,3,3,"13,596,945","823,410",378,357,3,"7,422"
28-Apr-23,24,24,9,9,6,3,3,"14,376,525","645,060",350,161,4,"5,326"
1-May-23,24,24,6,9,9,3,3,"13,694,655","1,064,850",476,427,6,794
2-May-23,24,24,6,9,9,3,3,"13,428,765","676,440",448,329,5,"8,959"
3-May-23,24,24,6,9,9,3,3,"15,793,545","798,045",427,378,4,"3,178"
4-May-23,24,24,6,9,9,3,3,"12,763,815","726,630",427,301,4,"7,803"
5-May-23,24,24,0,9,9,3,3,"7,390,305","849,330",231,322,3,"6,834"
8-May-23,24,24,0,9,6,3,3,"10,212,480","1,527,990",336,567,4,"6,631"
9-May-23,24,21,6,9,6,3,3,"16,676,160","1,395,090",462,378,6,"2,961"
10-May-23,24,24,3,9,6,3,3,"12,067,710","670,770",406,399,5,"6,885"
11-May-23,24,27,3,9,6,3,3,"13,563,630","859,950",406,343,6,"12,388"
12-May-23,24,24,6,9,6,3,3,"11,504,760","1,199,850",406,371,4,"13,090"
15-May-23,24,24,6,9,6,3,3,"14,102,085","1,475,925",406,497,4,"10,830"
16-May-23,24,27,0,9,9,3,3,"16,017,885","940,230",455,413,4,"10,936"
17-May-23,24,24,9,9,6,3,3,"15,431,235","941,520",308,294,5,"11,743"
18-May-23,24,27,3,9,6,3,3,"16,653,195","697,920",420,301,3,"7,775"
19-May-23,24,27,6,9,6,3,3,"14,534,070","1,034,265",420,329,4,"13,617"
22-May-23,24,24,6,9,6,3,3,"13,200,825","1,000,635",518,385,5,"12,556"
23-May-23,24,27,6,9,9,3,3,"13,047,375","1,172,130",336,406,5,"16,111"
24-May-23,24,27,6,9,6,3,3,"17,823,075","807,750",434,287,6,"8,000"
25-May-23,24,27,6,9,9,3,3,"16,884,345","843,795",420,273,4,"4,247"
26-May-23,24,24,9,9,9,3,3,"14,957,415","388,890",448,196,4,"8,416"
30-May-23,24,24,6,9,6,3,3,"18,169,785","857,475",518,322,6,"2,966"
31-May-23,24,21,6,9,6,3,3,"15,929,235","1,269,030",462,427,6,"2,497"
1-Jun-23,24,27,6,9,9,3,3,"17,753,985","749,610",462,308,5,"4,788"
2-Jun-23,24,27,6,9,9,3,3,"15,856,995","932,400",385,287,5,"10,858"
5-Jun-23,24,27,12,9,9,3,3,"16,464,645","1,030,455",448,322,4,"5,002"
7-Jun-23,24,27,6,9,9,3,3,"16,278,180","1,383,855",504,301,5,"1,276"
24-Jul-23,24,24,9,9,9,3,3,"14,861,985","1,113,660",476,427,4,"3,762"
25-Jul-23,24,24,9,9,9,3,3,"13,487,190","1,593,420",392,357,6,"9,415"
26-Jul-23,24,24,9,9,9,3,3,"15,309,930","1,076,880",350,399,4,"2,403"
27-Jul-23,24,21,9,9,9,3,3,"12,918,795","1,116,045",336,336,5,"3,096"
28-Jul-23,24,24,9,9,9,3,3,"16,245,630","716,775",455,336,5,"4,638"
31-Jul-23,24,27,3,9,6,3,3,"14,690,595","750,255",427,238,6,"6,178"
1-Aug-23,24,27,6,9,9,3,3,"13,456,545","1,384,275",392,287,6,"9,792"
2-Aug-23,24,27,6,9,9,3,3,"17,813,400","1,293,900",497,315,3,"1,064"
3-Aug-23,24,27,9,9,9,3,3,"13,632,705","1,230,465",441,245,5,"7,674"
4-Aug-23,24,24,12,9,9,3,3,"15,901,260","1,340,925",378,364,2,"1,550"
7-Aug-23,24,27,9,9,6,3,3,"14,938,740","1,883,880",385,294,4,"2,098"
8-Aug-23,24,27,12,9,9,3,3,"16,488,390","1,354,920",378,245,3,"5,240"
9-Aug-23,24,27,12,9,9,3,3,"14,301,660","1,318,275",413,392,4,"3,202"
10-Aug-23,24,27,9,9,9,3,3,"14,879,115","680,295",399,259,4,"2,958"
11-Aug-23,24,27,9,9,9,3,3,"11,357,685","838,365",301,210,4,"7,765"
14-Aug-23,24,24,9,9,9,3,3,"13,625,460","2,413,350",336,567,4,"7,439"
15-Aug-23,24,24,6,9,9,3,3,"14,342,475","1,644,345",385,336,4,"5,846"
16-Aug-23,24,24,3,9,9,3,3,"13,706,355","1,262,400",322,343,5,"5,075"
17-Aug-23,24,24,6,9,9,3,3,"12,190,995","1,183,830",392,350,6,"11,690"
18-Aug-23,24,24,12,9,9,3,3,"15,310,170","780,195",427,280,5,"6,303"
21-Aug-23,24,27,6,9,9,3,3,"17,275,545","1,490,745",490,378,5,"1,360"
22-Aug-23,24,24,9,9,9,3,3,"16,195,560","1,622,565",413,560,4,"5,055"
23-Aug-23,24,27,9,9,9,3,3,"10,604,745","1,514,010",301,441,6,"5,246"
24-Aug-23,24,27,6,9,9,3,3,"14,662,035","1,087,785",441,301,4,"6,349"
25-Aug-23,24,27,6,9,9,3,3,"14,394,105","824,010",364,287,6,"1,305"
28-Aug-23,24,27,6,9,9,3,3,"15,441,870","1,266,870",420,322,5,"10,408"
29-Aug-23,24,27,3,9,9,3,3,"14,723,340","860,250",434,322,6,"10,167"
30-Aug-23,24,27,9,9,9,3,3,"15,021,540","1,785,390",399,392,3,"8,068"
31-Aug-23,24,27,3,9,9,3,3,"12,756,825","1,002,150",371,308,5,"18,654"
1-Sep-23,24,27,3,9,9,3,3,"14,539,710","828,120",385,203,4,"6,861"
5-Sep-23,24,24,6,9,9,3,3,"16,355,655","946,695",504,252,3,"3,061"
6-Sep-23,24,27,9,9,9,3,3,"16,031,985","687,720",420,252,4,"9,150"
7-Sep-23,24,27,9,9,9,3,3,"15,285,480","946,005",385,259,4,"10,205"
8-Sep-23,24,24,6,9,9,3,3,"13,087,140","715,830",420,224,4,"4,431"
11-Sep-23,24,27,9,9,9,3,3,"13,854,225","937,590",399,336,6,"6,914"
12-Sep-23,24,27,6,9,9,3,3,"11,455,320","1,547,265",336,294,5,"14,241"
13-Sep-23,24,24,6,9,9,3,3,"13,044,705","1,326,390",364,420,6,"11,932"
14-Sep-23,24,27,6,9,9,3,3,"12,875,730","1,189,395",343,350,6,"10,826"
15-Sep-23,24,24,3,9,9,3,3,"12,754,560","749,625",224,266,4,"11,795"
18-Sep-23,24,27,15,9,6,3,3,"14,836,005","1,346,895",455,273,7,"13,060"
19-Sep-23,24,27,6,9,9,3,3,"14,114,145","763,995",364,210,5,"10,231"
20-Sep-23,24,27,0,9,9,3,3,"10,203,435","1,012,275",280,315,6,"2,726"
21-Sep-23,24,27,6,9,9,3,3,"14,137,230","1,338,615",336,315,6,"13,918"
22-Sep-23,24,27,9,9,9,3,3,"17,166,180","1,136,010",378,266,4,"12,959"
25-Sep-23,24,27,6,9,6,3,3,"17,436,435","665,070",343,217,5,"3,366"
26-Sep-23,24,27,6,9,9,3,3,"16,839,315","1,235,445",378,294,5,"5,775"
27-Sep-23,24,27,6,9,9,3,3,"2,764,575","899,715",420,210,4,"3,363"
28-Sep-23,24,27,6,9,9,3,3,"17,371,170","1,032,210",371,266,6,"12,266"
29-Sep-23,24,27,6,9,9,3,3,"15,251,910","785,175",385,231,5,"4,011"
2-Oct-23,24,24,9,9,9,3,3,"14,774,145","644,610",553,252,5,"3,841"
3-Oct-23,24,24,9,9,9,3,3,"16,051,290","763,995",462,196,4,"4,559"
4-Oct-23,24,24,9,9,9,3,3,"16,290,735","958,125",483,322,3,"5,888"
5-Oct-23,24,24,9,9,9,3,3,"13,322,955","1,107,480",385,273,3,"12,484"
6-Oct-23,24,21,6,9,6,3,3,"12,247,275","633,480",406,189,4,"16,216"
9-Oct-23,24,24,9,9,6,3,3,"15,903,795","1,441,230",490,413,3,"4,993"
10-Oct-23,24,24,6,9,6,3,3,"13,876,695","649,200",399,175,2,"14,870"
11-Oct-23,24,27,0,9,9,3,3,"10,108,140","597,540",336,189,3,"7,609"
12-Oct-23,24,27,0,9,9,3,3,"10,513,245","1,165,020",301,252,4,"9,515"
13-Oct-23,24,27,0,9,9,3,3,"11,132,460","1,232,985",252,413,3,"8,722"
16-Oct-23,24,27,9,9,9,3,3,"15,151,515","997,230",399,392,5,"9,701"
17-Oct-23,24,27,9,9,9,3,3,"15,745,050","749,160",364,266,2,"7,238"
18-Oct-23,24,27,9,9,6,3,3,"15,464,190","956,235",364,308,4,"7,894"
19-Oct-23,24,27,6,9,6,3,3,"11,698,035","850,395",336,364,4,"11,224"
20-Oct-23,24,27,0,9,6,3,3,"8,906,640","696,120",315,196,1,"3,504"
23-Oct-23,24,27,6,9,6,3,3,"14,349,795","1,214,865",336,238,5,"11,419"
24-Oct-23,24,27,6,9,6,3,3,"17,134,950","1,090,230",420,343,4,"11,449"
25-Oct-23,24,27,0,9,6,3,3,"18,011,370","964,410",399,301,4,"11,190"
26-Oct-23,24,27,0,9,6,3,3,"10,836,540","611,535",336,203,6,"28,714"
27-Oct-23,24,24,0,9,6,3,3,"9,637,635","459,615",329,119,6,"16,209"
30-Oct-23,24,27,0,9,6,3,3,"12,790,980","736,605",462,189,7,"11,807"
31-Oct-23,24,27,0,9,6,3,3,"10,434,990","757,440",287,224,7,"13,110"
1-Nov-23,24,27,0,9,6,3,3,"5,214,810","1,423,890",175,364,8,"21,347"
2-Nov-23,24,27,0,9,9,3,3,"10,016,490","529,425",343,224,7,"33,330"
3-Nov-23,24,27,9,9,9,3,3,"14,907,885","885,330",280,322,7,"5,468"
6-Nov-23,24,27,6,9,9,3,3,"17,518,410","699,000",490,245,7,"9,660"
7-Nov-23,24,27,3,9,9,3,3,"13,095,345","1,468,905",357,441,5,0
8-Nov-23,24,21,9,9,9,3,3,"11,528,775","1,154,745",315,322,5,"6,742"
9-Nov-23,24,24,9,9,9,3,3,"10,614,990","875,400",259,259,4,"6,084"
10-Nov-23,24,24,3,9,9,3,3,"9,904,380","708,690",217,154,5,"16,760"
13-Nov-23,24,21,9,9,9,3,3,"10,262,070","952,290",350,189,4,"15,019"
14-Nov-23,24,27,6,9,9,3,3,"12,260,385","1,684,125",336,420,4,"14,793"
15-Nov-23,24,27,6,9,9,3,3,"14,001,120","933,405",350,315,5,"10,667"
16-Nov-23,24,27,6,9,9,3,3,"8,515,455","1,579,035",266,413,5,"12,128"
17-Nov-23,24,27,6,9,9,3,3,"13,756,425","758,895",280,259,5,"21,686"
20-Nov-23,24,27,6,9,9,3,3,"16,056,570","1,956,240",434,504,5,"8,589"
21-Nov-23,24,27,6,9,9,3,3,"14,363,790","850,665",420,231,4,"10,834"
22-Nov-23,24,27,6,9,9,3,3,"17,324,295","852,615",392,273,6,"10,531"
27-Nov-23,24,24,6,9,9,3,3,"17,112,690","801,510",518,245,5,"5,114"
28-Nov-23,24,24,6,9,9,3,3,"13,772,865","936,660",294,301,5,"11,676"
29-Nov-23,24,24,9,9,9,3,3,"16,397,115","1,907,850",427,448,4,"2,605"
30-Nov-23,24,27,6,9,9,3,3,"16,187,865","674,325",287,259,6,"1,201"
1-Dec-23,24,27,6,9,9,3,3,"6,249,900","371,940",224,154,3,"7,243"
4-Dec-23,24,27,0,9,9,3,3,"9,805,515","1,051,965",357,287,6,"10,328"
5-Dec-23,24,24,6,9,9,3,3,"16,479,870","854,610",427,259,3,"3,102"
6-Dec-23,24,24,6,9,9,3,3,"15,615,480","1,004,475",399,252,5,"5,132"
7-Dec-23,24,24,6,9,9,3,3,"15,412,935","981,600",336,259,5,"6,857"
8-Dec-23,24,24,6,9,6,3,3,"13,472,220","1,374,360",343,231,5,"7,099"
11-Dec-23,24,27,3,9,9,3,3,"14,505,570","849,975",483,259,7,"5,742"
12-Dec-23,24,27,3,9,9,3,3,"11,082,345","1,742,805",329,266,7,"6,556"
13-Dec-23,24,30,3,9,9,3,3,"12,499,305","833,640",322,294,8,"11,773"
14-Dec-23,24,30,3,9,9,3,3,"14,446,200","1,117,875",448,252,7,"13,358"
15-Dec-23,24,30,6,9,9,3,3,"5,061,585","443,355",140,140,5,"19,198"
18-Dec-23,24,30,6,9,9,3,3,"17,837,595","1,530,405",413,259,8,"11,049"
19-Dec-23,24,30,6,9,9,3,3,"16,942,230","901,005",371,238,7,"9,580"
20-Dec-23,24,30,0,9,9,3,3,"15,911,580","884,520",462,252,6,"11,327"
21-Dec-23,24,24,6,9,9,3,3,"15,422,775","648,975",287,273,7,"7,382"
22-Dec-23,24,27,0,9,9,3,3,"8,798,730","663,330",266,161,5,"9,403"
26-Dec-23,24,27,0,9,9,3,3,"14,186,640","1,055,340",322,203,5,"2,471"
27-Dec-23,24,27,0,9,9,3,3,"12,776,160","661,545",357,238,6,"8,793"
28-Dec-23,24,27,0,9,9,3,3,"16,288,020","1,232,370",385,238,5,"15,781"
29-Dec-23,24,27,0,9,9,3,3,"5,539,065","857,970",175,189,2,"2,089"
2-Jan-24,24,30,9,9,9,3,3,"13,274,100","1,122,720",420,266,5,"23,003"
3-Jan-24,24,30,9,9,9,3,3,"16,545,255","1,803,615",357,343,4,"15,763"
4-Jan-24,24,27,0,9,9,3,3,"11,803,815","1,533,465",259,357,6,"20,144"
5-Jan-24,24,30,0,9,9,3,3,"10,007,580","1,160,805",252,252,3,"11,741"
8-Jan-24,24,30,0,9,9,3,3,"15,444,765","562,065",343,217,5,"23,549"
9-Jan-24,24,30,0,9,9,3,3,"11,693,910","898,545",259,196,7,"23,719"
10-Jan-24,24,30,0,9,9,3,3,"11,653,245","1,124,865",280,224,8,"33,112"
11-Jan-24,24,30,0,9,9,3,3,"12,020,445","1,043,130",343,273,8,"17,008"
12-Jan-24,24,30,0,9,9,3,3,"8,027,790","756,765",238,182,4,"9,193"
16-Jan-24,24,30,0,9,9,3,3,"6,486,975","501,075",140,133,7,"9,670"
17-Jan-24,24,30,0,9,9,3,3,"10,755,150","954,255",343,294,9,"24,544"
18-Jan-24,24,30,0,9,9,3,3,"10,078,095","1,427,790",210,273,7,"21,388"
19-Jan-24,24,30,0,9,9,3,3,"7,522,050","628,425",238,203,6,"14,929"
22-Jan-24,24,27,0,9,6,3,3,"4,668,645","802,365",217,168,9,"42,009"
23-Jan-24,24,30,0,9,9,3,3,"1,974,345","485,625",63,203,6,"18,203"
24-Jan-24,24,30,0,9,9,3,3,"3,179,250","1,122,705",154,252,8,"24,195"
25-Jan-24,24,30,0,9,9,3,3,"3,424,740","835,440",112,287,8,"18,797"
26-Jan-24,24,30,0,9,9,3,3,"2,586,780","193,995",91,98,6,"12,796"
29-Jan-24,24,30,0,9,9,3,3,"12,413,040","1,199,535",336,231,10,"36,156"
30-Jan-24,24,30,0,9,9,3,3,"12,720,300","809,325",175,238,6,"19,803"
31-Jan-24,24,30,0,9,9,3,3,"12,682,320","889,215",336,217,7,"4,661"
1-Feb-24,30,30,0,9,9,3,3,"17,323,830","1,557,615",294,336,6,"20,149"
2-Feb-24,30,30,0,9,9,3,3,"16,865,190","774,360",315,182,7,"19,617"
5-Feb-24,30,27,6,9,9,3,3,"19,631,100","1,774,695",399,329,8,"22,052"
6-Feb-24,30,27,9,9,9,3,3,"17,332,800","1,134,165",413,294,4,"15,024"
7-Feb-24,30,30,0,9,6,3,3,"14,796,210","707,565",427,238,5,"20,556"
8-Feb-24,30,30,6,9,6,3,3,"18,837,045","548,115",476,203,8,"20,966"
9-Feb-24,30,27,0,9,6,3,3,"13,261,335","708,405",378,217,5,"7,028"
12-Feb-24,30,30,3,9,9,3,3,"21,739,935","977,040",630,273,7,"17,771"
13-Feb-24,30,30,0,9,9,3,3,"14,609,325","978,900",364,245,9,"15,307"
14-Feb-24,30,30,0,9,9,3,3,"14,897,625","817,395",462,196,7,"22,076"
15-Feb-24,30,30,0,9,9,3,3,"14,628,810","370,530",462,147,6,"18,741"
16-Feb-24,30,30,0,9,9,3,3,"10,297,425","1,302,255",364,287,5,"8,873"
19-Feb-24,30,30,0,9,9,3,3,"14,045,310","1,068,495",525,273,10,"29,657"
20-Feb-24,30,27,0,9,6,3,3,"13,421,595","843,750",364,217,5,"23,479"
21-Feb-24,30,27,6,9,6,3,3,"19,108,200","1,517,040",574,301,7,"3,176"
22-Feb-24,30,27,3,9,6,3,3,"16,515,450","757,275",455,175,5,"14,752"
23-Feb-24,30,27,3,9,6,3,3,"18,854,370","973,665",539,175,4,"7,960"
26-Feb-24,30,24,6,9,6,3,3,"14,280,810","984,195",469,245,8,"17,053"
27-Feb-24,30,24,6,9,6,3,3,"20,152,560","841,260",497,224,5,"9,166"
28-Feb-24,30,27,6,9,6,3,3,"20,705,100","856,410",476,315,6,"6,158"
29-Feb-24,30,27,6,9,6,3,3,"20,052,600","1,103,205",525,252,6,"1,867"
1-Mar-24,30,27,3,9,6,3,3,"20,651,145","781,365",399,147,4,"11,208"
4-Mar-24,30,27,3,9,6,3,3,"17,804,370","1,184,655",672,343,5,"5,478"
5-Mar-24,30,27,3,9,9,3,3,"18,865,455","1,747,410",455,336,5,"8,524"
6-Mar-24,30,27,3,9,9,3,3,"19,312,275","1,046,205",532,287,4,"6,504"
7-Mar-24,30,30,3,9,6,3,3,"18,193,650","1,102,695",497,280,4,"9,461"
8-Mar-24,30,30,3,9,6,3,3,"11,814,975","618,000",371,84,6,"31,338"
11-Mar-24,30,30,3,9,6,3,3,"17,303,730","1,149,780",525,336,8,"18,975"
12-Mar-24,30,30,3,9,6,3,3,"15,704,520","1,301,595",399,329,6,"18,362"
13-Mar-24,30,30,3,9,6,3,3,"18,189,885","1,191,330",567,378,5,"3,401"
14-Mar-24,30,33,3,9,6,3,3,"17,009,925","1,957,050",427,413,7,"19,000"
15-Mar-24,30,30,3,9,6,3,3,"19,789,725","656,865",553,189,5,"2,791"
18-Mar-24,30,27,6,9,6,3,3,"16,743,240","1,350,975",476,378,5,"8,223"
19-Mar-24,30,30,6,9,6,3,3,"17,741,910","1,102,095",490,224,7,"11,450"
20-Mar-24,30,30,3,9,6,3,3,"17,253,390","1,165,680",476,245,7,"3,600"
21-Mar-24,30,27,3,9,6,3,3,"15,974,820","1,122,210",406,322,7,"9,306"
22-Mar-24,30,30,6,9,6,3,3,"19,591,965","818,940",476,245,5,"8,562"
25-Mar-24,30,27,3,9,6,3,3,"14,733,000","1,174,485",546,259,7,"16,639"
26-Mar-24,30,30,0,9,6,3,3,"11,597,340","1,025,010",336,287,6,"8,631"
27-Mar-24,30,30,9,9,6,3,3,"15,571,965","993,870",455,238,8,"19,871"
28-Mar-24,30,27,0,9,6,3,3,"13,151,415","1,094,565",378,238,8,"14,817"
29-Mar-24,30,27,0,9,3,3,3,"12,248,475","910,275",308,266,4,"8,524"
1-Apr-24,30,30,6,9,6,3,3,"16,141,740","630,210",518,224,9,"14,637"
2-Apr-24,30,33,3,9,6,3,3,"8,835,735","805,275",301,273,5,"14,507"
3-Apr-24,30,30,3,9,6,3,3,"16,156,500","1,047,975",413,287,6,"13,562"
4-Apr-24,30,33,3,9,6,3,3,"16,473,240","1,207,860",462,301,5,"10,299"
5-Apr-24,30,27,0,9,6,3,3,"16,141,740","1,090,530",518,259,9,"14,637"
8-Apr-24,30,30,3,9,6,3,3,"15,906,930","1,516,005",497,406,6,"12,165"
9-Apr-24,30,30,6,9,6,3,3,"18,521,460","1,226,565",427,252,6,"17,535"
10-Apr-24,30,27,0,9,6,3,3,"14,447,565","871,905",392,196,6,"23,484"
11-Apr-24,30,27,0,9,3,3,3,"11,740,260","1,272,660",336,322,7,"11,584"
12-Apr-24,30,30,0,9,6,3,3,"16,239,960","925,605",371,252,5,"5,127"
15-Apr-24,30,27,0,9,6,3,3,"16,008,615","1,419,135",560,385,7,"13,504"
16-Apr-24,30,27,0,9,6,3,3,"11,606,925","785,505",343,273,4,"6,377"
17-Apr-24,30,30,3,9,6,3,3,"16,195,470","1,614,000",483,441,6,"1,947"
18-Apr-24,30,27,3,9,6,3,3,"16,700,865","673,020",434,224,7,"5,228"
19-Apr-24,30,27,3,9,3,3,3,"14,095,365","932,250",343,280,4,"10,096"
22-Apr-24,30,30,0,9,6,3,3,"16,085,250","1,514,520",490,406,5,"4,088"
23-Apr-24,30,30,6,9,6,3,3,"14,064,030","828,765",371,322,4,"17,402"
24-Apr-24,30,30,0,9,6,3,3,"16,925,775","909,240",406,399,6,"5,810"
25-Apr-24,30,30,6,9,6,3,3,"18,115,695","944,025",427,280,5,"5,711"
26-Apr-24,30,30,0,9,6,3,3,"10,238,970","538,050",273,196,7,"14,977"
29-Apr-24,30,30,3,9,9,3,3,"17,742,135","939,570",518,266,6,"13,175"
30-Apr-24,30,33,0,9,9,3,3,"15,773,595","1,436,910",343,336,5,"15,677"
1-May-24,33,33,0,9,9,3,3,"14,203,605","1,310,970",448,322,8,"13,777"
2-May-24,33,33,0,9,9,3,3,"16,698,210","639,120",364,231,6,"13,900"
3-May-24,33,33,0,9,9,3,3,"10,794,615","1,170,105",294,301,6,"8,951"
6-May-24,33,33,0,9,9,3,3,"13,963,500","1,398,720",497,406,6,"14,654"
7-May-24,33,33,0,9,9,3,3,"10,246,935","1,181,565",273,259,4,622
8-May-24,33,30,0,9,9,3,3,"12,047,970","2,824,485",322,581,4,"13,281"
9-May-24,33,33,0,9,9,3,3,"10,144,995","1,020,435",294,273,3,"6,798"
10-May-24,33,33,0,9,9,3,3,"8,983,605","1,223,940",259,280,3,"6,596"
13-May-24,33,33,0,9,9,3,3,"19,540,110","960,285",406,231,5,"15,010"
14-May-24,33,33,0,9,9,3,3,"10,546,530","658,185",280,252,2,"4,986"
15-May-24,33,33,0,9,9,3,3,"10,551,465","1,299,360",210,315,5,"2,180"
16-May-24,33,33,0,9,9,3,3,"9,489,870","451,305",238,168,5,"16,746"
17-May-24,33,33,0,9,9,3,3,"5,404,635","786,300",147,140,6,"29,533"
20-May-24,33,30,0,9,9,3,3,"14,964,570","918,210",406,224,6,"31,703"
21-May-24,33,30,0,9,9,3,3,"11,296,980","550,425",259,231,4,"5,110"
22-May-24,33,33,0,9,9,3,3,"14,015,835","712,395",315,140,4,"16,320"
23-May-24,33,30,0,9,9,3,3,"7,446,870","382,185",147,119,5,"16,480"
24-May-24,33,30,0,9,9,3,3,"7,418,550","710,340",217,210,3,"14,542"
28-May-24,33,30,0,9,9,3,3,"4,847,730","31,695",119,7,10,"65,285"
29-May-24,33,30,0,9,9,3,3,"8,712,720","2,313,840",210,511,7,"29,202"
30-May-24,33,30,0,9,9,3,3,"13,944,045","1,100,385",259,252,7,"29,789"
31-May-24,33,30,0,9,9,3,3,"4,807,980","313,365",168,126,7,"18,913"
3-Jun-24,33,33,0,9,9,3,3,"12,104,745","930,120",259,245,9,"21,521"
4-Jun-24,33,33,0,9,9,3,3,"8,090,805","806,760",182,231,7,"9,953"
5-Jun-24,33,33,0,9,9,3,3,"8,889,645","448,215",210,133,8,"19,071"
6-Jun-24,33,33,0,9,9,3,3,"7,844,865","707,610",182,196,7,"20,738"
7-Jun-24,33,33,0,9,9,3,3,"10,829,820","326,010",294,154,5,"10,690"
10-Jun-24,33,33,0,9,9,3,3,"11,574,765","831,990",322,147,7,"31,002"
11-Jun-24,33,33,0,9,9,3,3,"8,975,400","972,705",266,287,6,"8,939"
12-Jun-24,33,33,0,9,9,3,3,"8,593,470","531,375",231,224,6,"6,413"
13-Jun-24,33,33,0,9,9,3,3,"8,252,250","490,260",217,168,4,"13,560"
14-Jun-24,33,33,0,9,9,3,3,"10,509,945","633,420",266,112,4,"17,523"
17-Jun-24,33,33,0,9,6,0,0,"17,187,195","951,645",315,238,5,"16,222"
18-Jun-24,33,33,0,9,9,0,0,"9,318,555","585,210",238,203,3,"8,822"
19-Jun-24,33,33,0,9,6,0,0,"14,629,230","1,389,465",280,252,5,"2,503"
20-Jun-24,33,30,0,9,9,0,0,"10,221,300","809,130",294,217,4,"16,430"
21-Jun-24,33,30,0,9,9,0,0,"9,525,120","700,770",189,266,3,"4,744"
24-Jun-24,33,30,0,9,9,0,0,"18,403,590","1,203,150",413,231,5,"21,037"
25-Jun-24,33,30,0,9,9,0,0,"14,803,380","886,740",343,266,3,"11,028"
26-Jun-24,33,30,0,9,9,0,0,"18,103,335","1,260,150",322,273,4,"17,548"
27-Jun-24,33,30,0,9,6,0,0,"18,680,430","707,970",322,175,5,"13,716"
28-Jun-24,33,27,0,9,9,0,0,"16,323,780","812,565",329,238,4,"7,553"
1-Jul-24,33,36,0,9,6,0,0,"17,591,730","1,123,575",448,196,6,"13,076"
2-Jul-24,33,30,0,9,9,0,0,"18,329,040","981,510",413,231,3,"1,355"
3-Jul-24,33,30,0,9,9,0,0,"15,972,930","781,860",399,161,4,"3,768"
5-Jul-24,33,24,0,9,9,0,0,"6,824,895","760,800",196,133,4,"8,301"
8-Jul-24,33,30,0,9,9,0,0,"19,746,765","998,985",525,189,5,"1,580"
9-Jul-24,33,27,0,9,9,0,0,"14,305,860","1,174,635",308,203,3,"8,323"
10-Jul-24,33,27,0,9,9,0,0,"10,572,825","980,985",427,266,5,"25,508"
11-Jul-24,33,27,0,9,9,0,0,"12,846,690","1,185,825",357,259,6,"19,122"
12-Jul-24,33,24,0,9,3,0,0,"8,658,330","432,765",322,168,3,"7,162"
15-Jul-24,33,24,0,9,3,0,0,"15,477,300","1,043,565",371,399,7,"14,016"
16-Jul-24,33,30,0,9,6,0,0,"10,144,980","865,965",182,245,3,"5,029"
17-Jul-24,33,30,0,9,6,0,0,"11,939,835","1,124,535",301,217,4,"18,812"
18-Jul-24,33,27,0,9,6,0,0,"15,475,050","1,022,100",273,315,5,"20,780"
19-Jul-24,33,30,0,9,6,0,0,"19,158,390","825,810",371,210,3,"2,249"
22-Jul-24,33,27,9,9,9,0,0,"22,525,575","966,300",448,252,5,"13,253"
23-Jul-24,33,27,12,9,9,0,0,"21,685,455","1,125,780",483,252,3,"9,527"
24-Jul-24,33,27,3,9,9,0,0,"16,048,320","726,585",427,217,2,"2,646"
25-Jul-24,33,27,12,9,6,0,0,"18,572,205","844,530",434,238,3,"7,576"
26-Jul-24,33,24,6,9,9,0,0,"11,690,070","536,280",364,140,2,"1,617"
29-Jul-24,33,27,12,9,6,0,0,"19,079,700","911,550",497,259,5,"7,001"
30-Jul-24,33,27,3,9,9,0,0,"15,872,850","1,412,955",469,308,3,"7,206"
31-Jul-24,33,27,3,9,6,0,0,"14,754,915","1,036,500",364,280,3,"9,800"
1-Aug-24,33,30,3,9,6,0,0,"14,614,875","1,166,700",343,224,4,"13,369"
2-Aug-24,33,27,3,9,6,0,0,"12,940,200","920,415",329,245,3,"6,382"
5-Aug-24,33,27,6,9,9,0,0,"15,827,205","1,357,050",441,357,6,"11,138"
6-Aug-24,33,24,3,9,9,0,0,"12,024,315","598,635",329,224,3,"2,749"
7-Aug-24,33,27,0,9,9,0,0,"10,395,165","1,334,160",364,343,3,"1,276"
8-Aug-24,33,30,3,9,9,0,0,"15,946,080","679,800",385,259,4,"11,867"
9-Aug-24,33,27,0,9,9,0,0,"8,204,370","1,199,745",245,287,2,"2,663"
12-Aug-24,33,27,3,9,9,0,0,"16,791,870","1,108,095",504,294,4,"12,278"
13-Aug-24,33,27,0,9,9,0,0,"11,483,745","711,510",301,266,2,841
14-Aug-24,33,27,0,9,9,0,0,"9,939,825","1,067,805",315,385,4,"5,421"
15-Aug-24,33,27,0,9,9,0,0,"8,869,965","792,435",336,259,4,"13,856"
16-Aug-24,33,27,0,9,9,0,0,"5,084,295","720,810",203,224,3,"18,750"
19-Aug-24,33,24,6,9,9,0,0,"16,699,410","1,298,235",434,266,2,"1,482"
20-Aug-24,33,21,0,9,9,0,0,"8,612,385","1,142,760",238,315,3,"13,551"
21-Aug-24,33,27,3,9,9,0,0,"14,707,335","948,000",329,301,4,"14,477"
22-Aug-24,33,27,0,9,9,0,0,"13,781,490","667,545",273,203,3,"8,714"
23-Aug-24,33,27,0,9,9,0,0,"6,553,365","779,265",217,182,3,"15,031"
26-Aug-24,33,27,12,9,9,0,0,"20,640,795","879,030",399,224,4,"11,330"
27-Aug-24,33,27,3,9,9,0,0,"13,303,305","600,840",385,189,4,"9,527"
28-Aug-24,33,27,0,9,9,0,0,"9,406,305","615,690",231,217,4,"8,871"
29-Aug-24,33,27,0,9,9,0,0,"12,405,285","1,213,560",336,266,3,"9,796"
30-Aug-24,33,27,6,9,9,0,0,"13,343,640","800,265",280,238,3,"6,107"
3-Sep-24,33,27,12,9,9,0,0,"18,546,450","1,139,445",448,245,6,"7,144"
4-Sep-24,33,27,3,9,9,0,0,"13,731,240","605,625",301,161,6,"11,306"
5-Sep-24,33,24,6,9,9,0,0,"13,179,645","833,160",273,203,5,"18,939"
6-Sep-24,33,30,0,9,9,0,0,"9,969,825","414,300",350,140,3,"5,081"
9-Sep-24,33,27,3,9,6,0,0,"12,150,720","903,030",336,224,5,"18,748"
10-Sep-24,33,27,3,9,9,0,0,"13,174,635","1,199,535",364,301,4,"10,726"
11-Sep-24,33,27,3,9,9,0,0,"10,755,660","688,665",287,217,6,"14,166"
12-Sep-24,33,27,9,9,9,0,0,"17,020,650","543,300",364,259,4,"8,907"
13-Sep-24,33,24,0,9,9,0,0,"11,769,030","1,103,850",259,210,4,"8,694"
16-Sep-24,33,27,3,9,9,0,0,"16,761,180","551,220",469,203,4,"10,920"
17-Sep-24,33,24,9,9,9,0,0,"14,759,220","703,200",301,280,4,"3,691"
18-Sep-24,33,27,0,9,9,0,0,"10,169,235","1,224,150",336,357,4,"4,750"
19-Sep-24,33,30,6,9,9,0,0,"15,241,215","1,066,785",371,280,3,"5,920"
20-Sep-24,33,27,6,9,9,0,0,"14,124,705","829,590",434,231,3,"2,385"
23-Sep-24,33,27,6,9,9,0,0,"16,834,035","930,345",553,238,5,"6,582"
24-Sep-24,33,27,0,9,9,0,0,"11,830,515","833,805",315,238,5,"10,283"
25-Sep-24,33,27,0,9,9,0,0,"8,442,735","503,265",315,224,4,"2,807"
26-Sep-24,33,27,0,9,6,0,0,"16,881,450","710,160",511,210,4,"8,293"
27-Sep-24,33,27,0,9,6,0,0,"7,841,880","881,580",301,259,4,"8,822"
30-Sep-24,33,27,3,9,6,0,0,"16,264,245","973,950",455,308,4,"6,181"
1-Oct-24,33,27,0,9,6,0,0,"9,621,615","878,865",308,252,2,"3,998"
2-Oct-24,33,30,0,9,9,0,0,"10,680,855","1,647,060",315,441,5,"9,496"
3-Oct-24,33,27,0,9,9,0,0,"82,869,885","1,043,370",343,280,3,"3,764"
4-Oct-24,33,30,0,9,9,0,0,"8,821,920","748,800",238,210,3,"10,123"
7-Oct-24,33,27,3,9,9,0,0,"17,934,645","1,439,085",406,266,4,"12,652"
8-Oct-24,33,27,0,9,9,0,0,"7,175,295","1,050,675",203,245,4,"4,659"
9-Oct-24,33,27,0,9,9,0,0,"11,439,540","802,860",259,203,4,"6,044"
10-Oct-24,33,27,0,9,9,0,0,"8,133,000","732,435",287,259,4,"3,943"
11-Oct-24,33,27,0,9,9,0,0,"8,766,600","767,100",252,252,4,"14,399"
14-Oct-24,33,27,3,9,6,0,0,"16,978,020","1,162,620",427,280,4,"13,820"
15-Oct-24,33,24,0,9,6,0,0,"10,747,455","567,255",308,245,3,"5,025"
16-Oct-24,33,24,0,9,6,0,0,"8,788,530","487,080",273,182,3,"7,362"
17-Oct-24,33,24,0,9,9,0,0,"11,218,530","863,910",308,259,3,"9,492"
18-Oct-24,33,24,0,9,9,0,0,"13,749,300","657,135",322,182,2,"4,926"
21-Oct-24,33,24,0,9,6,0,0,"13,348,530","1,342,620",378,343,4,"4,892"
22-Oct-24,33,27,0,9,9,0,0,"7,208,940","854,685",217,273,2,"5,013"
23-Oct-24,33,27,0,9,9,0,0,"12,632,700","1,123,320",280,294,2,"3,438"
24-Oct-24,33,27,0,9,9,0,0,"9,331,425","1,080,855",287,203,3,"9,845"
25-Oct-24,33,27,0,9,9,0,0,"9,471,330","874,545",182,224,3,"4,333"
28-Oct-24,33,27,6,9,9,0,0,"15,881,430","1,267,290",420,245,3,"1,898"
29-Oct-24,33,27,6,9,9,0,0,"16,117,755","718,905",392,189,2,"5,342"
30-Oct-24,33,27,3,9,9,0,0,"11,677,095","744,435",224,231,3,"1,695"
31-Oct-24,33,30,0,9,9,0,0,"6,761,295","934,890",231,280,3,"5,951"
1-Nov-24,33,30,0,9,9,0,0,"7,697,580","655,350",182,203,4,"8,636"
4-Nov-24,33,30,0,9,9,0,0,"12,578,250","895,485",280,273,3,"10,470"
5-Nov-24,33,30,0,9,9,0,0,"7,846,545","407,070",154,133,2,"7,989"
6-Nov-24,33,30,0,9,9,0,0,"8,690,265","389,670",189,140,3,"5,782"
7-Nov-24,33,30,0,9,9,0,0,"10,021,845","922,560",245,196,3,"5,803"
8-Nov-24,33,30,0,9,9,0,0,"7,744,260","446,550",126,140,4,"29,053"
11-Nov-24,33,30,3,9,6,0,0,"16,352,115","868,635",336,266,4,"10,088"
12-Nov-24,33,30,0,9,9,0,0,"13,742,130","585,555",231,175,4,"12,246"
13-Nov-24,33,33,0,9,9,0,0,"8,470,665","869,490",203,189,2,"6,194"
14-Nov-24,33,30,0,9,9,0,0,"12,608,655","1,343,085",245,280,4,"19,667"
15-Nov-24,33,33,0,9,9,0,0,"11,740,350","583,740",238,175,3,"20,641"
18-Nov-24,33,33,0,9,9,0,0,"13,141,110","797,625",294,259,5,"13,731"
19-Nov-24,33,33,0,9,9,0,0,"8,372,715","765,480",224,182,6,"21,881"
20-Nov-24,33,33,3,9,9,0,0,"17,837,610","741,915",357,154,4,"16,776"
21-Nov-24,33,33,0,9,9,0,0,"14,241,915","864,285",357,287,4,"5,731"
22-Nov-24,33,33,3,9,9,0,0,"17,029,110","485,550",392,140,5,"6,157"
25-Nov-24,33,27,3,9,9,0,0,"17,362,080","822,075",448,147,6,"7,729"
26-Nov-24,33,27,3,9,9,0,0,"15,909,810","702,975",308,217,3,"7,484"
27-Nov-24,33,27,3,9,9,0,0,"15,851,985","713,835",427,238,5,"7,007"
2-Dec-24,33,27,3,9,9,0,0,"19,987,725","925,755",511,259,4,"3,784"
3-Dec-24,33,27,3,9,9,0,0,"12,276,750","970,365",301,238,2,"8,015"
4-Dec-24,33,27,6,9,9,0,0,"16,851,450","524,955",427,245,4,"7,481"
5-Dec-24,33,30,0,9,9,0,0,"12,566,565","608,070",322,154,5,"15,877"
6-Dec-24,33,30,3,9,9,0,0,"17,383,410","395,175",406,133,3,"3,821"
9-Dec-24,33,30,3,9,9,0,0,"14,937,990","611,175",371,210,5,"16,270"
10-Dec-24,33,30,0,9,9,0,0,"13,672,020","894,390",301,217,4,"11,676"
11-Dec-24,33,30,0,9,9,0,0,"11,592,150","1,001,640",266,294,4,"7,040"
12-Dec-24,33,27,0,9,9,0,0,"10,747,095","1,312,245",294,287,3,"10,039"
13-Dec-24,33,27,3,9,9,0,0,"14,130,465","359,355",392,140,3,"3,905"
16-Dec-24,33,30,6,9,9,0,0,"17,045,340","1,449,150",364,245,6,"23,555"
17-Dec-24,33,33,3,9,9,0,0,"15,708,135","915,540",371,266,4,"9,227"
18-Dec-24,33,33,3,9,9,0,0,"15,908,445","1,315,830",364,259,4,"9,756"
19-Dec-24,33,33,6,9,6,0,0,"18,453,870","1,425,540",392,280,6,"5,572"
20-Dec-24,33,33,3,9,6,0,0,"13,826,220","1,170,855",399,245,5,"1,155"
23-Dec-24,33,27,12,9,6,0,0,"19,328,370","540,495",427,161,7,"6,740"
26-Dec-24,33,27,3,9,6,0,0,"17,239,800","640,905",413,175,5,"7,009"
27-Dec-24,33,27,12,9,3,0,0,"16,019,775","762,345",315,161,3,"13,195"
30-Dec-24,33,24,3,9,6,0,0,"12,121,920","1,168,605",434,231,9,"19,002"
2-Jan-25,33,27,9,9,9,0,0,"15,377,790","928,965",476,266,8,"15,861"
3-Jan-25,33,27,12,9,9,0,0,"16,081,860","971,580",378,413,6,"20,426"
6-Jan-25,33,30,9,9,9,0,0,"19,821,210","1,218,690",518,308,4,"11,737"
7-Jan-25,33,30,9,9,9,0,0,"17,803,230","655,875",399,203,5,"4,527"
8-Jan-25,33,30,0,9,9,0,0,"10,443,525","943,260",371,280,4,"8,076"
13-Jan-25,33,30,3,9,9,0,0,"13,503,900","485,910",462,147,7,"13,343"
14-Jan-25,33,27,0,9,9,0,0,"3,817,845","1,103,385",203,245,4,"5,744"
15-Jan-25,33,30,0,9,9,0,0,"9,150,480","1,070,445",287,329,5,"8,925"
16-Jan-25,33,30,0,9,9,0,0,"8,713,140","930,090",224,245,5,"9,831"
17-Jan-25,33,30,0,9,9,0,0,"9,175,020","938,235",315,210,2,"9,682"
20-Jan-25,33,30,0,9,9,0,0,"11,485,560","1,286,715",329,343,4,"19,700"
21-Jan-25,33,30,0,9,9,0,0,"8,716,455","480,915",168,154,3,"11,255"
22-Jan-25,33,27,0,9,6,0,0,"6,771,525","463,665",252,168,4,"4,440"
23-Jan-25,33,21,0,9,6,0,0,"5,289,465","452,460",203,140,5,"10,093"
24-Jan-25,33,30,0,9,9,0,0,"6,076,950","682,965",147,189,4,"16,982"
27-Jan-25,33,30,3,9,9,0,0,"15,899,940","836,940",357,287,5,"22,517"
28-Jan-25,33,30,3,9,9,0,0,"14,617,845","729,315",280,266,4,"11,329"
29-Jan-25,33,30,0,9,9,0,0,"6,874,800","554,610",210,140,6,"16,594"
30-Jan-25,33,24,0,9,9,0,0,"7,268,835","629,400",203,161,5,"9,421"
31-Jan-25,33,30,0,9,9,0,0,"7,408,170","727,650",266,273,5,"16,339"
3-Feb-25,33,30,3,9,9,0,0,"15,554,595","727,605",392,217,7,"12,291"
4-Feb-25,33,30,3,9,9,0,0,"10,632,390","1,072,080",280,350,4,"5,683"
5-Feb-25,33,30,0,9,9,0,0,"19,099,185","717,975",469,196,6,"4,654"
6-Feb-25,33,30,0,9,9,0,0,"11,558,265","719,910",357,182,4,"2,200"
7-Feb-25,33,30,0,9,9,0,0,"11,360,655","592,785",287,266,4,"3,050"
10-Feb-25,33,27,6,9,9,0,0,"15,193,620","1,183,590",518,252,5,"2,657"
11-Feb-25,33,27,3,9,6,0,0,"8,493,210","665,220",210,203,4,"5,262"
12-Feb-25,33,27,3,9,6,0,0,"10,412,730","717,150",252,168,5,"13,546"
13-Feb-25,33,27,0,9,9,0,0,"8,254,410","449,760",322,161,3,"2,466"
14-Feb-25,33,27,0,9,9,0,0,"5,965,185","511,530",210,168,6,"13,890"
17-Feb-25,33,27,0,9,6,0,0,"13,021,500","1,125,750",385,273,5,"25,053"
18-Feb-25,33,27,0,9,9,0,0,"8,798,865","844,035",224,196,4,"2,104"
19-Feb-25,33,27,0,9,9,0,0,"3,782,955","453,180",133,140,7,"17,494"
20-Feb-25,33,27,0,9,9,0,0,"6,793,185","64,770",133,14,7,"22,326"
21-Feb-25,33,24,0,9,9,0,0,"5,655,585","474,615",245,147,6,"10,089"
24-Feb-25,33,24,0,9,9,0,0,"6,657,630","1,112,070",287,280,7,"16,275"
25-Feb-25,33,27,0,9,9,0,0,"5,610,375","896,295",154,203,6,"9,380"
26-Feb-25,33,27,0,9,9,0,0,"16,439,445","602,100",315,168,5,"10,995"
27-Feb-25,33,27,0,9,9,0,0,"10,360,710","991,080",252,266,6,"9,127"
28-Feb-25,33,27,0,9,9,0,0,"15,255,510","967,095",315,210,4,"4,840"
3-Mar-25,33,27,0,9,9,0,0,"11,474,970","749,370",357,210,4,"13,313"
4-Mar-25,33,27,0,9,9,0,0,"14,126,220","886,890",315,231,4,"15,703"
5-Mar-25,33,27,0,9,9,0,0,"11,244,120","984,930",406,231,6,"11,497"
6-Mar-25,33,27,0,9,9,0,0,"12,090,945","759,360",329,266,6,"11,010"
7-Mar-25,33,27,0,9,9,0,0,"11,761,290","722,595",336,238,4,"7,851"
10-Mar-25,33,30,3,9,6,0,0,"16,109,550","698,055",406,203,6,"13,006"
11-Mar-25,33,30,0,9,9,0,0,"12,094,545","1,024,980",343,217,7,"11,801"
12-Mar-25,33,30,0,9,9,0,0,"17,225,415","515,850",441,147,6,"14,624"
13-Mar-25,33,30,0,9,9,0,0,"15,864,615","784,665",413,231,5,"5,081"
14-Mar-25,33,30,0,9,9,0,0,"12,630,765","1,006,350",350,210,5,"3,642"
17-Mar-25,33,27,0,9,9,0,0,"17,182,410","906,765",504,266,4,"5,475"
