Date,Trucks (qty),Deliveries (lbs.),Deliveries (qty),Reschedules (qty),Reschedules (lbs.),Temperature (°F),Precipitation (in),Lumber ($)
1/3/2022,42,19926630,812,5,6620,36.5,0,1114.3
1/4/2022,45,17510655,847,6,6771,46,0,1144
1/5/2022,48,13533420,686,7,16151,43,0,1174
1/6/2022,39,17165850,840,8,10504,30.5,0,1219
1/7/2022,45,21266145,882,6,14142,32.5,0,1227.9
1/8/2022,39,16341993,780,8,11685,60.3,0.1,801.4
1/9/2022,39,16333634,779,8,11708,60.3,0.1,800.6
1/10/2022,39,19528365,868,7,20061,41,0,1209
1/11/2022,39,21031230,1043,6,10076,39.5,0,1239
1/12/2022,42,15565620,812,4,9623,44.5,0,1284
1/13/2022,45,21846000,945,7,364,51,0,1329
1/14/2022,45,16526745,861,5,7204,54,0,1308.7
1/15/2022,39,16283482,775,8,11849,60.5,0.1,796.1
1/16/2022,38,16275123,775,8,11873,60.5,0.1,795.4
1/17/2022,38,16266764,774,8,11896,60.6,0.1,794.6
1/18/2022,48,21260730,798,6,9115,57.5,0,1278.7
1/19/2022,42,17388000,854,7,7619,47,0,1233.7
1/20/2022,39,16185630,707,9,14933,29,0,1188.7
1/21/2022,36,19393800,637,6,13053,29,0,1143.7
1/22/2022,38,16224971,771,8,12014,60.7,0.1,790.9
1/23/2022,38,16216612,770,8,12037,60.8,0.1,790.2
1/24/2022,42,16267260,686,7,4823,43,0,1098.7
1/25/2022,45,18502890,819,7,18438,45,0,1053.7
1/26/2022,38,16191536,768,8,12108,60.9,0.1,787.9
1/27/2022,45,26493330,686,6,8717,42,0,994.9
1/28/2022,38,16174818,767,8,12155,60.9,0.1,786.4
1/29/2022,38,16166460,766,8,12178,61,0.1,785.7
1/30/2022,38,16158101,766,8,12202,61,0,785
1/31/2022,42,20605035,833,8,29895,52.5,0,979.9
2/1/2022,39,15047460,770,6,15915,62,0,934.9
2/2/2022,42,17599020,672,8,14250,42.5,0.42,979.9
2/3/2022,39,16177137,772,7,11206,61.4,0.1,781.1
2/4/2022,39,16168779,771,7,11229,61.4,0.1,780.3
2/5/2022,39,16160420,771,7,11253,61.5,0.1,779.6
2/6/2022,39,16152061,770,7,11276,61.5,0.1,778.8
2/7/2022,48,9757950,301,10,27106,42,0,1114.9
2/8/2022,42,13542540,574,7,8074,45.5,0,1159.9
2/9/2022,39,13004820,532,6,10895,48,0,1204.9
2/10/2022,39,16118626,768,7,11370,61.6,0.1,775.8
2/11/2022,42,17735160,595,8,10855,53,0,1216
2/12/2022,39,16101909,766,7,11417,61.7,0.1,774.3
2/13/2022,38,16093550,766,7,11441,61.8,0.1,773.6
2/14/2022,45,20009490,791,10,20367,48,0,1246
2/15/2022,45,15103140,581,9,25385,58,0,1291
2/16/2022,42,13477290,532,8,27018,67.5,0,1320.4
2/17/2022,45,14881095,1029,10,18477,49,0.04,1290.4
2/18/2022,38,16051757,762,7,11558,61.9,0.1,769.9
2/19/2022,38,16043398,762,7,11582,62,0.1,769.1
2/20/2022,38,16035039,761,7,11605,62,0.1,768.4
2/21/2022,39,19744380,805,10,5589,67.5,0.23,1270
2/22/2022,42,15722145,728,11,31440,47.5,0.49,1247
2/23/2022,38,16009963,759,7,11676,62.1,0.1,766.1
2/24/2022,38,16001604,759,7,11699,62.1,0.1,765.4
2/25/2022,36,10141035,378,11,13510,29.5,0,1244.78
2/26/2022,38,15984887,757,7,11746,62.2,0.1,763.9
2/27/2022,38,15976528,757,7,11770,62.2,0.1,763.2
2/28/2022,36,15091965,679,13,13622,43,0,1222.3
3/1/2022,36,17892945,686,9,9143,49.5,0,1223.7
3/2/2022,39,15822015,756,10,13188,54,0,1268.7
3/3/2022,36,12754440,644,9,8655,56.5,0,1313.7
3/4/2022,30,15485385,686,8,5502,58,0,1310.8
3/5/2022,39,15953771,760,7,10891,62.8,0.1,755.5
3/6/2022,39,15945412,759,7,10915,62.8,0.1,754.8
3/7/2022,36,23448750,875,11,22831,42,0.01,1302.8
3/8/2022,33,22953585,833,8,1624,36,0.06,1245.8
3/9/2022,36,14472690,595,12,28518,40,0,1195.9
3/10/2022,39,20291460,805,11,9019,49,0,1216.2
3/11/2022,33,16084800,742,8,10421,32.5,0.02,1159.2
3/12/2022,38,15895260,755,7,11056,63,0.1,750.3
3/13/2022,38,15886901,755,7,11079,63.1,0.1,749.6
3/14/2022,36,19940790,721,11,8223,63.5,0,1103.4
3/15/2022,30,17580330,553,9,26567,58.5,0,1160.4
3/16/2022,36,14118060,875,12,39399,58.5,0,1150
3/17/2022,39,17773380,798,12,21629,67,0,1207
3/18/2022,39,12662970,798,9,21883,50.5,0,1185.3
3/19/2022,38,15836749,751,7,11220,63.3,0.1,745.1
3/20/2022,38,15828390,750,7,11244,63.3,0.1,744.4
3/21/2022,30,12729675,812,10,24960,61.5,0.57,1128.3
3/22/2022,36,14725320,770,11,15707,49,0,1111.3
3/23/2022,33,17395695,791,12,15525,49.5,0,1054.3
3/24/2022,33,23481480,840,12,19345,48,0,1020
3/25/2022,36,19912245,763,9,25855,56,0,1008
3/26/2022,38,15778238,746,7,11385,63.5,0.1,739.9
3/27/2022,38,15769879,746,7,11408,63.6,0.1,739.1
3/28/2022,42,18787950,700,11,19810,72,0,999.5
3/29/2022,36,20023650,1099,8,15970,73,0,1054
3/30/2022,36,20497305,980,9,16914,55.5,0.4,1001.7
3/31/2022,36,16635735,686,13,29891,52,0,965.3
4/1/2022,39,15780557,751,7,10436,64,0.1,734.5
4/2/2022,39,15772198,751,7,10459,64,0.1,733.8
4/3/2022,39,15763840,750,7,10483,64.1,0.1,733
4/4/2022,36,16321575,875,9,8869,70,2.42,966.5
4/5/2022,39,16635675,861,10,14913,77.5,0,938.4
4/6/2022,42,20581650,805,9,11253,62.5,0,881.4
4/7/2022,42,24074640,812,10,7667,55.5,0,892.9
4/8/2022,42,21904110,847,7,5544,52.5,0,949.9
4/9/2022,38,15713687,746,7,10624,64.3,0.1,728.5
4/10/2022,38,15705329,746,7,10647,64.3,0.1,727.8
4/11/2022,42,15793665,700,12,17526,78.5,0,886.3
4/12/2022,45,15707760,819,9,17683,74,0.01,874.2
4/13/2022,48,16908930,945,7,7251,66,0,883.7
4/14/2022,45,20342925,959,9,7234,57,0,889
4/15/2022,45,18229185,805,7,9968,70.5,0,889
4/16/2022,38,15655176,742,7,10788,64.5,0.1,723.3
4/17/2022,38,15646818,741,7,10812,64.5,0.1,722.6
4/18/2022,45,21099645,896,9,7135,60.5,0,923.9
4/19/2022,42,20312460,959,8,14547,60,0,938.6
4/20/2022,45,21503640,987,8,7626,79.5,0,995.6
4/21/2022,42,22637295,805,6,533,79,0,1025
4/22/2022,36,23636625,868,5,3310,78.5,0,1002.6
4/23/2022,38,15596665,737,7,10953,64.7,0.1,718.1
4/24/2022,38,15588307,737,7,10976,64.8,0.1,717.4
4/25/2022,39,21174345,805,7,26832,57.5,0.28,1015
4/26/2022,42,20554995,896,6,7288,58.5,0,1008.16
4/27/2022,42,22930950,1106,6,5113,62,0,999
4/28/2022,39,19826100,1211,6,6786,72.5,0,965.06
4/29/2022,33,19707480,742,6,4571,75.5,0,939.94
4/30/2022,38,15538154,733,7,11117,65,0.1,712.9
5/1/2022,38,15573908,740,7,10074,65.3,0.1,710.5
5/2/2022,39,21888525,1001,6,11941,73,1.66,918
5/3/2022,45,17214210,791,9,19631,58.5,0.22,912
5/4/2022,45,17626860,798,8,10988,72,0,909.7
5/5/2022,39,24245595,735,8,989,68.5,0,873.9
5/6/2022,39,12631710,630,13,29114,68,0,827.1
5/7/2022,38,15523756,736,7,10215,65.5,0.1,706
5/8/2022,38,15515397,736,7,10239,65.6,0.1,705.3
5/9/2022,42,16877460,777,9,7223,83.5,0,807.7
5/10/2022,42,19934790,882,10,7562,83,0,801.1
5/11/2022,42,21417900,931,8,14803,80,0,786.1
5/12/2022,39,17700825,854,10,8662,81.5,0,777.8
5/13/2022,36,19414770,1036,10,6613,81.5,0,769.7
5/14/2022,38,15465245,732,7,10380,65.8,0.1,700.8
5/15/2022,38,15456886,731,7,10403,65.8,0.1,700
5/16/2022,36,20345700,889,11,7517,75.5,0,787
5/17/2022,39,19284300,1036,9,10858,83.5,0,788
5/18/2022,36,24793215,1134,7,3857,83.5,0,739.5
5/19/2022,38,15423451,729,7,10497,65.9,0.1,697.1
5/20/2022,39,20331705,917,8,4434,84.5,0,667.3
5/21/2022,38,15406734,727,7,10544,66,0.1,695.6
5/22/2022,38,15398375,727,7,10568,66,0.1,694.8
5/23/2022,42,18331305,700,9,2703,66.5,0.02,651.9
5/24/2022,42,16565550,798,9,10313,67,2.16,660
5/25/2022,42,18502275,854,7,5649,63.5,0.08,651.8
5/26/2022,42,17106945,714,13,5935,67.5,0,683
5/27/2022,39,17906085,595,7,14851,70.5,0,695.1
5/28/2022,37,15348223,723,7,10709,66.2,0.1,690.3
5/29/2022,37,15339864,722,7,10732,66.3,0.1,689.6
5/30/2022,37,15331506,722,7,10756,66.3,0.1,688.9
5/31/2022,42,22401645,917,8,3789,85.5,0,653.5
6/1/2022,42,17926695,987,6,7786,81,0.13,608.6
6/2/2022,42,18482820,749,9,1558,73,0.02,598.5
6/3/2022,39,13978980,735,7,13252,74,0.11,623.3
6/4/2022,38,15342183,727,6,9783,66.7,0.1,684.2
6/5/2022,38,15333825,727,6,9807,66.8,0.1,683.5
6/6/2022,39,19161645,882,9,4894,85,0,600.3
6/7/2022,39,19937085,931,8,4026,85,0,596.8
6/8/2022,36,19968660,889,8,1179,79,0,573
6/9/2022,39,13187190,651,11,13805,80.5,0,568.3
6/10/2022,36,14037900,707,7,6936,85.5,0,555.9
6/11/2022,38,15283672,723,6,9948,67,0.1,679
6/12/2022,38,15275314,722,6,9971,67,0.1,678.2
6/13/2022,39,19232190,756,10,21058,89,0,528
6/14/2022,39,17276325,910,9,27967,87.5,0,538
6/15/2022,36,20445015,945,11,6222,87.5,0,563.5
6/16/2022,36,22812615,959,11,2142,87,0,569
6/17/2022,42,20872920,700,6,3395,82.5,0,581.1
6/18/2022,38,15225161,718,6,10112,67.2,0.1,673.8
6/19/2022,38,15216803,718,6,10136,67.3,0.1,673
6/20/2022,39,15920430,938,9,4484,88.5,0,581.1
6/21/2022,48,18669390,847,9,8042,88.5,0,610.1
6/22/2022,39,12275805,693,9,17371,84.5,0,611.6
6/23/2022,39,16382985,693,10,4108,86.5,0,617
6/24/2022,36,9846900,651,7,22542,89,0,608.6
6/25/2022,37,15166650,714,6,10277,67.5,0.1,668.6
6/26/2022,37,15158292,713,6,10300,67.5,0.1,667.8
6/27/2022,36,13327185,721,13,11421,82,0,613.1528
6/28/2022,39,13047495,700,8,1099,82,0,608.5566
6/29/2022,39,12339450,700,13,21113,79,0,617.8764
6/30/2022,36,11825130,637,12,67155,80.5,0,636.2564
7/1/2022,39,9223605,539,8,16940,84.5,0,667.3063
7/2/2022,38,15152252,718,6,9375,68,0.1,661.7
7/3/2022,38,15143893,717,6,9398,68,0.1,660.9
7/4/2022,38,15135534,716,6,9421,68.1,0.1,660.2
7/5/2022,42,17431995,770,12,17878,89.5,0,656.5011
7/6/2022,39,18500385,686,9,19354,91.5,0,639.7505
7/7/2022,42,18922800,875,8,7783,91,0,634.6953
7/8/2022,42,13828485,476,5,3027,91,0,671.6776
7/9/2022,38,15093741,713,6,9539,68.2,0.1,656.5
7/10/2022,38,15085382,712,6,9562,68.3,0.1,655.7
7/11/2022,48,15058890,749,9,9918,91.5,0,658.5983
7/12/2022,39,18425055,812,6,11593,86.5,0,668.5526
7/13/2022,42,18425280,1008,6,3606,89.5,0,649.5388
7/14/2022,45,16546320,952,7,5092,85.5,0,659.5373
7/15/2022,39,8915925,665,5,7436,85,0,637.2133
7/16/2022,38,15035230,709,6,9703,68.5,0.1,651.2
7/17/2022,38,15026871,708,6,9727,68.5,0.1,650.5
7/18/2022,48,17496960,693,10,8802,96.5,0,681.7273
7/19/2022,42,14701185,735,6,14439,97.5,0,645
7/20/2022,54,14264685,763,5,12472,97,0,627.7
7/21/2022,45,18965460,714,7,10836,91,0,615.1
7/22/2022,42,11564205,490,4,3671,92,0,583.5
7/23/2022,37,14976719,704,6,9868,68.7,0.1,646
7/24/2022,37,14968360,703,6,9891,68.8,0.1,645.3
7/25/2022,45,20457765,784,7,4918,93.5,0,566.2
7/26/2022,54,16002765,784,5,15141,93,0,552
7/27/2022,45,14899275,798,7,11555,91.5,0,558.7
7/28/2022,45,15910665,805,8,4784,92,0,539.3
7/29/2022,51,9456075,483,5,8604,91.5,0,526.7
7/30/2022,37,14918208,700,6,10032,69,0.1,640.8
7/31/2022,37,14909849,699,6,10056,69,0.1,640.1
8/1/2022,48,18418485,889,7,10314,92.5,0,536
8/2/2022,51,11552730,651,4,3928,94,0,520.6
8/3/2022,45,11483820,672,8,10524,93,0,483.2
8/4/2022,39,8866815,490,7,5775,91.5,0,501
8/5/2022,36,8890410,525,5,12971,93,0,475.1
8/6/2022,38,14912168,704,6,9107,69.5,0.1,634.7
8/7/2022,38,14903809,703,6,9130,69.5,0.1,633.9
8/8/2022,42,15747675,742,11,20943,91,0,519
8/9/2022,42,11216100,679,6,11768,88.5,0.02,550
8/10/2022,36,11659320,539,6,20765,86.5,0.22,601.8
8/11/2022,39,11393610,791,8,8685,85,0,593.5
8/12/2022,33,10846575,623,4,3173,87.5,0,588.7
8/13/2022,38,14853657,700,6,9271,69.7,0.1,629.5
8/14/2022,38,14845298,699,6,9295,69.7,0.1,628.7
8/15/2022,45,20261715,665,7,8501,88.5,0,593.4
8/16/2022,36,13230660,728,4,10718,87.5,0,596.4
8/17/2022,42,13537305,819,5,13385,88,0,598.4
8/18/2022,45,10596465,756,5,6717,78.5,0.41,560
8/19/2022,39,13884240,546,5,16450,82.5,0,516.7
8/20/2022,37,14795146,695,6,9436,69.9,0.1,624.2
8/21/2022,37,14786787,694,6,9459,70,0.1,623.5
8/22/2022,39,12156660,609,7,25327,77,2.25,500.2
8/23/2022,36,9734310,490,5,11186,79,0.18,515.5
8/24/2022,39,8160570,504,8,10259,81.5,0,495.4
8/25/2022,39,14920305,742,5,705,81,0,519.3
8/26/2022,39,15090900,595,5,10136,82.5,0,524.5
8/27/2022,37,14736635,691,6,9600,70.2,0.1,619
8/28/2022,37,14728276,690,6,9624,70.2,0.1,618.3
8/29/2022,36,17046375,819,6,10434,83.5,0,509.8
8/30/2022,36,9669345,602,6,4028,81.5,0.31,502.5
8/31/2022,39,13902795,693,5,2245,82,0,512
9/1/2022,42,10113540,588,7,12399,77.5,0.2,499.7
9/2/2022,42,9746295,483,5,1636,79,0,494.6
9/3/2022,38,14730595,695,6,8675,70.7,0.1,612.9
9/4/2022,38,14722237,694,6,8698,70.7,0.1,612.1
9/5/2022,38,14713878,694,6,8722,70.8,0.1,611.4
9/6/2022,42,17762280,763,10,3413,81,0,485
9/7/2022,39,12594945,847,5,4656,81,0,504.5
9/8/2022,42,16201485,812,4,1948,78.5,0,513.4
9/9/2022,39,14135595,658,3,668,76.5,0,509
9/10/2022,38,14672084,690,6,8839,70.9,0.1,607.7
9/11/2022,38,14663726,690,6,8863,71,0.1,606.9
9/12/2022,42,16058355,728,6,3705,71.5,0,554.9
9/13/2022,37,14647008,689,6,8910,71,0.1,605.4
9/14/2022,37,14638650,688,6,8933,71.1,0.1,604.7
9/15/2022,36,11230320,574,6,5152,74,0,482
9/16/2022,36,7719165,483,3,350,78.5,0,474.1
9/17/2022,37,14613573,686,6,9004,71.2,0.1,602.4
9/18/2022,37,14605215,685,6,9027,71.2,0.1,601.7
9/19/2022,33,13103760,833,5,2931,82.5,0,483
9/20/2022,42,9103860,518,3,6693,83,0,515.9
9/21/2022,39,8287815,560,4,4721,83,0,493
9/22/2022,33,8128890,588,3,2989,81.5,0,460
9/23/2022,36,7100040,476,4,9510,81.5,0,435
9/24/2022,37,14555062,681,6,9168,71.4,0.1,597.2
9/25/2022,37,14546704,681,6,9192,71.4,0.1,596.5
9/26/2022,39,18086805,798,5,12320,71.5,0,413
9/27/2022,39,11889570,567,3,5040,70.5,0,432
9/28/2022,45,11208915,714,6,7346,74,0,432.8
9/29/2022,37,14513269,678,6,9286,71.6,0.1,593.5
9/30/2022,36,8104755,567,4,1447,65.5,0,424.8
10/1/2022,38,14540664,685,5,8266,72,0.1,590.3
10/2/2022,38,14532305,685,5,8290,72,0.1,589.6
10/3/2022,39,16424100,602,3,7560,65.5,0,427.9
10/4/2022,39,16350735,637,4,14490,67,0,433.9
10/5/2022,39,14263965,686,4,9263,69.5,0,435.6
10/6/2022,38,14498871,682,5,8384,72.1,0.1,586.6
10/7/2022,38,14490512,681,5,8407,72.2,0.1,585.9
10/8/2022,37,14482153,681,5,8431,72.2,0.1,585.1
10/9/2022,37,14473794,680,5,8454,72.2,0.1,584.4
10/10/2022,39,17229405,945,4,2678,71.5,0,450
10/11/2022,39,8227785,553,3,8641,73,0.1,475
10/12/2022,36,12967620,777,3,9664,78,0,486.2
10/13/2022,36,14253390,602,3,7214,65,0,498.5
10/14/2022,36,11305575,665,3,9690,66,0,492.6
10/15/2022,37,14423642,676,5,8595,72.4,0.1,579.9
10/16/2022,37,14415283,676,5,8619,72.5,0.1,579.2
10/17/2022,36,13854645,742,7,18021,57.5,0,510.1
10/18/2022,39,14961405,819,3,7590,52,0,517.2
10/19/2022,39,8886600,567,4,7518,50.5,0,534.7
10/20/2022,36,12503565,714,4,4052,65,0,533.4
10/21/2022,39,13159830,686,3,558,66.5,0,535.3
10/22/2022,37,14365131,672,5,8760,72.7,0.1,574.7
10/23/2022,37,14356772,671,5,8783,72.7,0.1,573.9
10/24/2022,30,9979140,637,4,13289,67,1.42,504.2
10/25/2022,36,8151735,497,5,16068,56.5,0,487
10/26/2022,33,10358505,735,3,2741,56,0,496
10/27/2022,33,8385795,546,4,8554,60,0,477.4
10/28/2022,33,7251585,343,4,8640,57.5,1.77,466.1
10/29/2022,37,14306620,667,5,8924,72.9,0.1,569.5
10/30/2022,37,14298261,667,5,8948,72.9,0.1,568.7
10/31/2022,30,9175860,581,5,11115,60,0,461.3
11/1/2022,30,15193335,749,5,9960,62.5,0,457.6
11/2/2022,30,14629005,721,2,9647,65,0,450
11/3/2022,30,11619450,826,4,771,70.5,0,435
11/4/2022,30,7476255,392,4,8319,60.5,1.13,435
11/5/2022,37,14300580,672,5,7999,73.4,0.1,563.3
11/6/2022,37,14292222,671,5,8022,73.4,0.1,562.6
11/7/2022,30,17198115,707,5,10162,67,0.02,455
11/8/2022,33,10831980,497,4,3060,73.5,0,450.9
11/9/2022,33,15648060,707,4,6810,74.5,0,460
11/10/2022,33,10274880,560,4,3139,69,0,460
11/11/2022,30,9904950,539,3,1046,52.5,1.39,460
11/12/2022,37,14242069,667,5,8163,73.7,0.1,558.1
11/13/2022,37,14233711,666,5,8187,73.7,0.1,557.4
11/14/2022,27,11552205,560,5,25547,41.5,0.38,447.5
11/15/2022,30,7566240,518,4,7706,41.5,0.01,454.8
11/16/2022,30,11474850,609,3,10032,43,0,430.5
11/17/2022,27,6941895,616,5,14965,43,0,441
11/18/2022,33,7680180,434,3,1411,38.5,0,441
11/19/2022,37,14183558,663,5,8328,73.9,0.1,552.9
11/20/2022,37,14175200,662,5,8351,73.9,0.1,552.2
11/21/2022,30,11637645,595,4,10824,46,0,435
11/22/2022,30,12314370,476,2,2491,47,0,426.1
11/23/2022,30,8327355,462,2,7165,49.5,0.36,432
11/24/2022,37,14141765,659,5,8445,74.1,0.1,549.2
11/25/2022,37,14133406,659,5,8469,74.1,0.1,548.4
11/26/2022,37,14125047,658,5,8492,74.1,0.1,547.7
11/27/2022,37,14116689,658,5,8516,74.2,0.1,546.9
11/28/2022,30,10723935,546,5,11800,50,0,420.9
11/29/2022,30,9804015,511,3,4926,59.5,0,425
11/30/2022,33,8734845,525,3,4194,40,0,429.5
12/1/2022,30,5169540,441,3,6387,39.5,0,413.2
12/2/2022,30,6696075,371,2,273,58.5,0,413.2
12/3/2022,37,14110649,662,5,7590,74.7,0.1,540.8
12/4/2022,37,14102290,661,5,7614,74.7,0.1,540.1
12/5/2022,33,14465730,609,3,9288,66,0,392.3
12/6/2022,37,14085573,660,5,7661,74.8,0.1,538.6
12/7/2022,39,13010910,560,2,415,57,0.06,425.6
12/8/2022,30,8406840,455,3,4610,63,0,410.3
12/9/2022,33,12297720,413,2,2565,61,0,410.3
12/10/2022,37,14052138,657,5,7755,74.9,0.1,535.6
12/11/2022,37,14043779,657,5,7778,74.9,0.1,534.8
12/12/2022,30,13392195,462,4,3538,58.5,0.01,410.7
12/13/2022,30,4434945,343,2,1871,58.5,0.79,405.9
12/14/2022,33,7361535,280,4,13065,47.5,0,397
12/15/2022,30,8486535,420,3,12437,42,0,396
12/16/2022,33,7045080,434,3,6514,38,0,396
12/17/2022,37,13993627,653,5,7919,75.1,0.1,530.4
12/18/2022,37,13985268,652,5,7943,75.2,0.1,529.6
12/19/2022,33,16690050,553,5,14602,47,0,374.6
12/20/2022,33,11620470,686,3,5718,44.5,0,372.5
12/21/2022,33,10891890,609,3,6737,38.5,0,378
12/22/2022,33,10065480,469,3,6282,27,0,379
12/23/2022,37,13943475,649,5,8060,75.4,0.1,525.9
12/24/2022,37,13935116,648,5,8084,75.4,0.1,525.1
12/25/2022,37,13926757,648,5,8107,75.4,0.1,524.4
12/26/2022,33,5600295,280,2,4041,41.5,0,384
12/27/2022,33,11624505,343,3,1972,35,0,396.9
12/28/2022,33,7173540,462,1,2924,57.5,0,392
12/29/2022,33,12983985,511,4,16282,59.5,0,383.8
12/30/2022,36,13884964,645,5,8225,75.6,0.1,520.7
12/31/2022,36,13876605,644,5,8248,75.6,0.1,519.9
1/1/2023,39,15721004,720,7,11602,58.2,0.1,727.1
1/2/2023,39,15712646,719,7,11625,58.3,0.1,726.3
1/3/2023,33,10751820,539,2,10268,51.5,0,363
1/4/2023,27,15713250,679,2,3387,43,0,360.5
1/5/2023,27,9955005,483,2,3253,45,0,353.7
1/6/2023,39,15679211,716,7,11719,58.4,0.1,723.3
1/7/2023,39,15670852,716,7,11742,58.4,0.1,722.6
1/8/2023,39,15662493,715,7,11766,58.5,0.1,721.9
1/9/2023,33,17666970,749,3,2807,48.5,0,350
1/10/2023,33,10949625,504,3,6623,59,0,348
1/11/2023,33,13535655,882,2,5840,63.5,0,345
1/12/2023,27,7158510,546,2,2676,48.5,0,351.8
1/13/2023,38,15620700,712,7,11883,58.6,0.1,718.1
1/14/2023,38,15612341,711,7,11907,58.7,0.1,717.4
1/15/2023,38,15603982,711,7,11930,58.7,0.1,716.6
1/16/2023,38,15595624,710,7,11954,58.7,0.1,715.9
1/17/2023,38,15587265,709,7,11977,58.8,0.1,715.1
1/18/2023,33,12693375,665,2,7760,59,0.04,428
1/19/2023,30,14270985,770,1,4253,45.5,0,428.8
1/20/2023,30,7997055,462,1,1569,45,0,428.8
1/21/2023,38,15553830,707,7,12071,58.9,0.1,712.2
1/22/2023,38,15545471,706,7,12095,59,0.1,711.4
1/23/2023,30,13473300,588,4,4614,38,0,437.7
1/24/2023,33,12390765,462,3,539,40,0.9,458.9
1/25/2023,33,11097045,609,4,15683,37,0,464.1
1/26/2023,33,5531040,476,4,5909,40,0,488.2
1/27/2023,30,15093210,623,3,13416,43,0,495.1
1/28/2023,38,15495319,702,7,12236,59.2,0.1,706.9
1/29/2023,38,15486960,702,7,12259,59.2,0.1,706.2
1/30/2023,33,4565685,140,8,135,26,0.37,516.5
1/31/2023,38,15470243,700,7,12306,59.3,0.1,704.7
2/1/2023,39,15514356,709,7,11240,59.6,0.1,703
2/2/2023,39,15505997,708,7,11263,59.6,0.1,702.3
2/3/2023,39,15497638,707,7,11287,59.6,0.1,701.6
2/4/2023,39,15489279,707,7,11310,59.7,0.1,700.8
2/5/2023,39,15480921,706,7,11334,59.7,0.1,700.1
2/6/2023,30,13872675,448,6,5373,62.5,0,482.3
2/7/2023,30,8198205,343,4,608,55,0.32,469.1
2/8/2023,33,5537550,280,5,3891,40,0.99,452.4
2/9/2023,30,3938685,329,5,863,44.5,0,433.5
2/10/2023,30,6428280,399,4,993,39.5,0,423.7
2/11/2023,38,15430768,702,7,11475,59.9,0.1,695.6
2/12/2023,38,15422410,702,7,11498,59.9,0.1,694.8
2/13/2023,38,15414051,701,7,11522,60,0.1,694.1
2/14/2023,33,3999870,385,3,238,59.5,0.58,402.5
2/15/2023,38,15397334,700,7,11569,60,0.1,692.6
2/16/2023,38,15388975,699,7,11592,60.1,0.1,691.9
2/17/2023,30,9279420,525,2,3700,39,0,388.5
2/18/2023,38,15372257,698,7,11639,60.1,0.1,690.4
2/19/2023,38,15363899,697,7,11663,60.2,0.1,689.6
2/20/2023,38,15355540,696,7,11686,60.2,0.1,688.9
2/21/2023,38,15347181,696,7,11710,60.2,0.1,688.1
2/22/2023,38,15338823,695,7,11733,60.3,0.1,687.4
2/23/2023,38,15330464,695,7,11757,60.3,0.1,686.6
2/24/2023,38,15322105,694,7,11780,60.3,0.1,685.9
2/25/2023,38,15313746,693,7,11804,60.4,0.1,685.2
2/26/2023,38,15305388,693,7,11827,60.4,0.1,684.4
2/27/2023,38,15297029,692,7,11851,60.4,0.1,683.7
2/28/2023,38,15288670,691,7,11874,60.5,0.1,682.9
3/1/2023,39,15307707,698,6,10878,60.9,0.1,679
3/2/2023,33,14492640,847,4,275,67,1.18,370.5
3/3/2023,33,12420420,490,3,506,52,0.12,369
3/4/2023,38,15282631,696,6,10949,61,0.1,676.8
3/5/2023,38,15274272,695,6,10972,61,0.1,676
3/6/2023,33,17520690,672,5,8183,68.5,0,370.5
3/7/2023,33,12964590,679,6,120,64,0,361.2
3/8/2023,30,13364550,574,5,658,52.5,0.63,370
3/9/2023,38,15240837,692,6,11066,61.2,0.1,673.1
3/10/2023,30,14875815,630,5,2529,51,0,362.8
3/11/2023,38,15224120,691,6,11113,61.2,0.1,671.6
3/12/2023,38,15215761,691,6,11137,61.3,0.1,670.8
3/13/2023,38,15207402,690,6,11160,61.3,0.1,670.1
3/14/2023,38,15199044,689,6,11184,61.3,0.1,669.3
3/15/2023,30,15549840,784,7,4034,55.5,0,347
3/16/2023,30,11314185,539,6,14883,57.5,0,438.6
3/17/2023,27,12489045,630,5,1625,45,0,452.4
3/18/2023,38,15165609,687,6,11278,61.5,0.1,666.3
3/19/2023,38,15157250,686,6,11301,61.5,0.1,665.6
3/20/2023,24,15867345,805,6,5980,44.5,0,441.3
3/21/2023,30,16224915,679,5,2725,61,0,441.9
3/22/2023,33,17349375,770,5,2353,75,0,425.9
3/23/2023,33,16532985,763,5,8433,74.5,0,411.2
3/24/2023,33,14094225,644,4,2951,65,0.69,413.3
3/25/2023,38,15107098,682,6,11442,61.7,0.1,661.1
3/26/2023,38,15098739,682,6,11466,61.7,0.1,660.4
3/27/2023,33,16168815,812,5,2895,56,0,398
3/28/2023,33,17672790,777,4,1904,51.5,0,384.3
3/29/2023,36,18328860,693,4,2686,51.5,0,376
3/30/2023,33,16264275,756,4,3695,66,0,375.5
3/31/2023,27,17138700,833,3,2221,65,0,370.5
4/1/2023,38,15101058,687,6,10517,62.2,0.1,655
4/2/2023,38,15092699,686,6,10540,62.2,0.1,654.3
4/3/2023,36,16650930,707,6,6270,73.5,0,370.7
4/4/2023,36,15841005,798,4,1871,74.5,0,376.4
4/5/2023,36,17336130,784,3,4001,61,0,382.1
4/6/2023,36,18637260,826,3,1122,50.5,0,382.5
4/7/2023,33,17146095,630,3,3364,53.5,0,382.5
4/8/2023,38,15042547,682,6,10681,62.5,0.1,649.8
4/9/2023,38,15034188,681,6,10705,62.5,0.1,649
4/10/2023,30,18754530,686,4,625,63,0,381.2
4/11/2023,30,16744365,721,4,2251,60.5,0,386
4/12/2023,33,16666785,763,4,973,60.5,0,388.3
4/13/2023,38,15000753,679,6,10799,62.6,0.1,646
4/14/2023,33,14345280,651,4,10140,68,0,419.9
4/15/2023,38,14984036,678,6,10846,62.7,0.1,644.6
4/16/2023,38,14975677,677,6,10869,62.7,0.1,643.8
4/17/2023,33,14421990,903,4,4668,59.5,0,424.6
4/18/2023,33,15452205,686,3,5357,67,0,403.5
4/19/2023,36,15986760,735,4,2799,75.5,0,396.2
4/20/2023,36,14296605,840,4,2508,70,0,398.5
4/21/2023,36,14554515,735,4,1713,61.5,0,390.8
4/22/2023,38,14925525,673,6,11010,62.9,0.1,639.3
4/23/2023,38,14917166,672,6,11034,63,0.1,638.6
4/24/2023,33,14285670,854,5,6902,53,0,382
4/25/2023,33,14907150,798,4,10214,65.5,0.04,365.1
4/26/2023,30,16714455,707,5,1987,57.5,0.67,348
4/27/2023,33,14420355,735,3,7422,57,0,353.8
4/28/2023,33,15021585,511,4,5326,58,0,347.2
4/29/2023,37,14867014,669,6,11175,63.2,0.1,634.1
4/30/2023,37,14858655,668,6,11198,63.2,0.1,633.4
5/1/2023,36,14759505,903,6,794,61,0,347.2
5/2/2023,36,14105205,777,5,8959,63,0,341
5/3/2023,36,16591590,805,4,3178,69,0,341
5/4/2023,36,13490445,728,4,7803,71.5,0,354.8
5/5/2023,36,8239635,553,3,6834,82.5,0,354.8
5/6/2023,38,14852616,672,6,10273,63.7,0.1,627.2
5/7/2023,38,14844257,672,6,10296,63.7,0.1,626.5
5/8/2023,33,11740470,903,4,6631,79,0,358
5/9/2023,30,18071250,840,6,2961,78,0,344
5/10/2023,33,12738480,805,5,6885,71,0,344
5/11/2023,36,14423580,749,6,12388,77,0,346.9
5/12/2023,33,12704610,777,4,13090,83,0,339
5/13/2023,38,14794105,668,6,10437,63.9,0.1,622
5/14/2023,38,14785746,667,6,10461,64,0.1,621.3
5/15/2023,33,15578010,903,4,10830,76,0.6,339
5/16/2023,39,16958115,868,4,10936,68.5,0,344
5/17/2023,33,16372755,602,5,11743,69,0,344
5/18/2023,36,17351115,721,3,7775,74,0,344
5/19/2023,36,15568335,749,4,13617,78.5,0,344
5/20/2023,38,14735594,663,6,10602,64.2,0.1,616.8
5/21/2023,37,14727235,663,6,10625,64.2,0.1,616.1
5/22/2023,33,14201460,903,5,12556,68,0,344
5/23/2023,39,14219505,742,5,16111,76.5,0,344
5/24/2023,36,18630825,721,6,8000,76,0.02,344
5/25/2023,39,17728140,693,4,4247,74,0,344
5/26/2023,36,15346305,644,4,8416,73.5,0,344
5/27/2023,37,14677083,659,6,10766,64.4,0.1,611.6
5/28/2023,37,14668724,658,6,10790,64.5,0.1,610.8
5/29/2023,37,14660365,658,6,10813,64.5,0.1,610.1
5/30/2023,33,19027260,840,6,2966,75.5,0.02,344
5/31/2023,30,17198265,889,6,2497,76.5,0,344
6/1/2023,39,18503595,770,5,4788,78.5,0,344
6/2/2023,39,16789395,672,5,10858,79,0,344
6/3/2023,38,14671043,663,6,9841,64.9,0.1,605.5
6/4/2023,38,14662684,663,6,9864,65,0.1,604.7
6/5/2023,39,17495100,770,4,5002,76,0.47,344
6/6/2023,38,14645967,661,6,9911,65,0.1,603.2
6/7/2023,39,17662035,805,5,1276,76.5,0.01,344
6/8/2023,38,14629249,660,6,9958,65.1,0.1,601.7
6/9/2023,38,14620891,659,6,9982,65.1,0.1,601
6/10/2023,38,14612532,659,6,10005,65.2,0.1,600.2
6/11/2023,38,14604173,658,6,10029,65.2,0.1,599.5
6/12/2023,38,14595814,658,6,10052,65.2,0.1,598.7
6/13/2023,38,14587456,657,6,10076,65.3,0.1,598
6/14/2023,38,14579097,656,6,10099,65.3,0.1,597.3
6/15/2023,38,14570738,656,6,10123,65.3,0.1,596.5
6/16/2023,38,14562380,655,6,10146,65.4,0.1,595.8
6/17/2023,37,14554021,654,6,10170,65.4,0.1,595
6/18/2023,37,14545662,654,6,10193,65.4,0.1,594.3
6/19/2023,37,14537303,653,6,10217,65.5,0.1,593.5
6/20/2023,37,14528945,652,6,10240,65.5,0.1,592.8
6/21/2023,37,14520586,652,6,10264,65.5,0.1,592
6/22/2023,37,14512227,651,6,10287,65.6,0.1,591.3
6/23/2023,37,14503869,650,6,10311,65.6,0.1,590.5
6/24/2023,37,14495510,650,6,10334,65.6,0.1,589.8
6/25/2023,37,14487151,649,6,10358,65.7,0.1,589.1
6/26/2023,37,14478792,649,6,10381,65.7,0.1,588.3
6/27/2023,37,14470434,648,6,10405,65.8,0.1,587.6
6/28/2023,37,14462075,647,6,10428,65.8,0.1,586.8
6/29/2023,37,14453716,647,6,10452,65.8,0.1,586.1
6/30/2023,37,14445358,646,6,10475,65.9,0.1,585.3
7/1/2023,38,14481111,654,5,9432,66.2,0.1,582.9
7/2/2023,38,14472753,653,5,9456,66.2,0.1,582.2
7/3/2023,38,14464394,652,5,9479,66.3,0.1,581.4
7/4/2023,38,14456035,652,5,9503,66.3,0.1,580.7
7/5/2023,38,14447677,651,5,9526,66.3,0.1,579.9
7/6/2023,38,14439318,650,5,9550,66.4,0.1,579.2
7/7/2023,38,14430959,650,5,9573,66.4,0.1,578.4
7/8/2023,38,14422600,649,5,9597,66.4,0.1,577.7
7/9/2023,38,14414242,648,5,9620,66.5,0.1,577
7/10/2023,38,14405883,648,5,9644,66.5,0.1,576.2
7/11/2023,38,14397524,647,5,9667,66.5,0.1,575.5
7/12/2023,38,14389166,647,5,9691,66.6,0.1,574.7
7/13/2023,38,14380807,646,5,9714,66.6,0.1,574
7/14/2023,37,14372448,645,5,9738,66.6,0.1,573.2
7/15/2023,37,14364089,645,5,9761,66.7,0.1,572.5
7/16/2023,37,14355731,644,5,9785,66.7,0.1,571.7
7/17/2023,37,14347372,643,5,9808,66.7,0.1,571
7/18/2023,37,14339013,643,5,9832,66.8,0.1,570.2
7/19/2023,37,14330655,642,5,9855,66.8,0.1,569.5
7/20/2023,37,14322296,641,5,9879,66.8,0.1,568.8
7/21/2023,37,14313937,641,5,9902,66.9,0.1,568
7/22/2023,37,14305578,640,5,9926,66.9,0.1,567.3
7/23/2023,37,14297220,639,5,9949,66.9,0.1,566.5
7/24/2023,36,15975645,903,4,3762,85,0,538.5
7/25/2023,36,15080610,749,6,9415,88.5,0,524
7/26/2023,36,16386810,749,4,2403,87.5,0,519
7/27/2023,33,14034840,672,5,3096,89.5,0,518
7/28/2023,36,16962405,791,5,4638,88.5,0,517
7/29/2023,37,14247067,636,5,10090,67.1,0.1,562
7/30/2023,37,14238709,635,5,10114,67.2,0.1,561.3
7/31/2023,36,15440850,665,6,6178,89,0,509
8/1/2023,39,14840820,679,6,9792,92,0,505
8/2/2023,39,19107300,812,3,1064,93,0,502
8/3/2023,39,14863170,686,5,7674,95,0,497
8/4/2023,36,17242185,742,2,1550,94.5,0,495.5
8/5/2023,38,14241028,640,5,9165,67.7,0.1,555.9
8/6/2023,38,14232669,639,5,9188,67.7,0.1,555.2
8/7/2023,36,16822620,679,4,2098,90,0,497
8/8/2023,39,17843310,623,3,5240,92,0,498.5
8/9/2023,39,15619935,805,4,3202,92.5,0.03,497.5
8/10/2023,39,15559410,658,4,2958,91,0,496
8/11/2023,39,12196050,511,4,7765,97,0,496
8/12/2023,37,14182517,635,5,9329,67.9,0.1,550.7
8/13/2023,37,14174158,635,5,9353,67.9,0.1,549.9
8/14/2023,36,16038810,903,4,7439,86,0,498.5
8/15/2023,36,15986820,721,4,5846,83,0,511
8/16/2023,36,14968755,665,5,5075,79,0,528.5
8/17/2023,36,13374825,742,6,11690,91.5,0,519
8/18/2023,36,16090365,707,5,6303,93.5,0,534.5
8/19/2023,37,14124006,631,5,9494,68.1,0.1,545.5
8/20/2023,37,14115647,630,5,9517,68.2,0.1,544.7
8/21/2023,39,18766290,868,5,1360,92,0,533
8/22/2023,36,17818125,973,4,5055,90.5,0,528
8/23/2023,39,12118755,742,6,5246,91.5,0,529
8/24/2023,39,15749820,742,4,6349,92,0,525.5
8/25/2023,39,15218115,651,6,1305,94,0,516
8/26/2023,37,14065495,627,5,9658,68.4,0.1,540.3
8/27/2023,37,14057136,626,5,9682,68.4,0.1,539.5
8/28/2023,39,16708740,742,5,10408,84,0,510.5
8/29/2023,39,15583590,756,6,10167,83.5,0,515
8/30/2023,39,16806930,791,3,8068,84,0,511
8/31/2023,39,13758975,679,5,18654,82.5,0,505.5
9/1/2023,39,15367830,588,4,6861,87.5,0,503
9/2/2023,38,14059455,631,5,8733,68.9,0.1,534.1
9/3/2023,38,14051096,630,5,8756,68.9,0.1,533.4
9/4/2023,38,14042738,630,5,8780,68.9,0.1,532.6
9/5/2023,36,17302350,756,3,3061,92.5,0,502.5
9/6/2023,39,16719705,672,4,9150,89.5,0,502
9/7/2023,39,16231485,644,4,10205,91,0,502
9/8/2023,36,13802970,644,4,4431,92,0.22,509.5
9/9/2023,37,14000944,626,5,8897,69.1,0.1,528.9
9/10/2023,37,13992585,626,5,8921,69.2,0.1,528.2
9/11/2023,39,14791815,735,6,6914,80.5,0.21,515
9/12/2023,39,13002585,630,5,14241,76,0.13,511
9/13/2023,36,14371095,784,6,11932,75.5,0.02,506
9/14/2023,39,14065125,693,6,10826,73.5,0.31,495.5
9/15/2023,36,13504185,490,4,11795,75.5,0,500.5
9/16/2023,37,13942433,622,5,9062,69.4,0.1,523.7
9/17/2023,37,13934074,621,5,9085,69.4,0.1,522.9
9/18/2023,36,16182900,728,7,13060,75.5,0,493.5
9/19/2023,39,14878140,574,5,10231,82,0.66,488
9/20/2023,39,11215710,595,6,2726,81.5,0.05,484
9/21/2023,39,15475845,651,6,13918,85,0.31,481.5
9/22/2023,39,18302190,644,4,12959,86.5,0,482.5
9/23/2023,37,13883922,617,5,9226,69.6,0.1,518.5
9/24/2023,37,13875563,617,5,9250,69.6,0.1,517.7
9/25/2023,36,18101505,560,5,3366,81,0,496
9/26/2023,39,18074760,672,5,5775,79.5,0,494.5
9/27/2023,39,3664290,630,4,3363,80.5,0,502
9/28/2023,39,18403380,637,6,12266,81,0,508
9/29/2023,39,16037085,616,5,4011,84.5,0,504
9/30/2023,37,13825411,613,5,9391,69.8,0.1,513.2
10/1/2023,38,13861165,621,4,8348,70.2,0.1,510.8
10/2/2023,36,15418755,805,5,3841,76.5,0,497
10/3/2023,36,16815285,658,4,4559,79,0,491.5
10/4/2023,36,17248860,805,3,5888,82.5,0.6,499
10/5/2023,36,14430435,658,3,12484,74,0.06,487
10/6/2023,30,12880755,595,4,16216,72.5,0,493.5
10/7/2023,37,13811013,617,4,8489,70.4,0.1,506.4
10/8/2023,37,13802654,616,5,8512,70.4,0.1,505.6
10/9/2023,33,17345025,903,3,4993,71,0,489.5
10/10/2023,33,14525895,574,2,14870,71.5,0,501
10/11/2023,39,10705680,525,3,7609,71.5,0,506.5
10/12/2023,39,11678265,553,4,9515,72,0,505
10/13/2023,39,12365445,665,3,8722,66,0,506
10/14/2023,37,13752502,612,5,8653,70.6,0.1,501.2
10/15/2023,37,13744143,612,5,8677,70.6,0.1,500.4
10/16/2023,39,16148745,791,5,9701,53,0,500.5
10/17/2023,39,16494210,630,2,7238,54,0,500.5
10/18/2023,36,16420425,672,4,7894,66,0,501
10/19/2023,36,12548430,700,4,11224,67.5,0,498
10/20/2023,36,9602760,511,1,3504,70.5,0,488
10/21/2023,37,13693991,608,5,8818,70.9,0.1,495.9
10/22/2023,37,13685632,607,5,8841,70.9,0.1,495.2
10/23/2023,36,15564660,574,5,11419,74.5,0.67,482.5
10/24/2023,36,18225180,763,4,11449,72,0.56,479.5
10/25/2023,36,18975780,700,4,11190,72,2.43,483.5
10/26/2023,37,13652197,605,5,8935,71,0.1,492.2
10/27/2023,37,13643838,604,5,8958,71.1,0.1,491.5
10/28/2023,36,13635480,603,5,8982,71.1,0.1,490.7
10/29/2023,36,13627121,603,5,9005,71.1,0.1,490
10/30/2023,36,13618762,602,5,9029,71.2,0.1,489.2
10/31/2023,36,13610404,601,5,9052,71.2,0.1,488.5
11/1/2023,37,13654516,609,4,7986,71.5,0.1,486.8
11/2/2023,37,13646157,609,4,8009,71.5,0.1,486.1
11/3/2023,37,13637799,608,4,8033,71.6,0.1,485.3
11/4/2023,37,13629440,608,4,8056,71.6,0.1,484.6
11/5/2023,37,13621081,607,4,8080,71.6,0.1,483.8
11/6/2023,39,18217410,735,7,9660,72.5,0,522
11/7/2023,37,13604364,606,4,8127,71.7,0.1,482.3
11/8/2023,33,12683520,637,5,6742,75.5,0,517
11/9/2023,36,11490390,518,4,6084,59,0.26,525.5
11/10/2023,36,10613070,371,5,16760,54.5,0,514
11/11/2023,37,13570929,603,4,8221,71.8,0.1,479.4
11/12/2023,37,13562570,602,4,8244,71.9,0.1,478.6
11/13/2023,33,11214360,539,4,15019,55,0,500
11/14/2023,39,13944510,756,4,14793,56,0,489.5
11/15/2023,39,14934525,665,5,10667,56.5,0,520
11/16/2023,39,10094490,679,5,12128,51.5,0,520
11/17/2023,39,14515320,539,5,21686,59.5,0,538
11/18/2023,37,13512418,599,4,8385,72.1,0.1,474.1
11/19/2023,37,13504059,598,4,8409,72.1,0.1,473.4
11/20/2023,39,18012810,938,5,8589,62,0,545.5
11/21/2023,37,13487342,597,4,8456,72.2,0.1,471.9
11/22/2023,37,13478983,596,4,8479,72.2,0.1,471.2
11/23/2023,37,13470624,595,4,8503,72.2,0.1,470.4
11/24/2023,36,13462266,595,4,8526,72.3,0.1,469.7
11/25/2023,36,13453907,594,4,8550,72.3,0.1,468.9
11/26/2023,36,13445548,593,4,8573,72.3,0.1,468.2
11/27/2023,36,17914200,763,5,5114,39,0,552
11/28/2023,36,14709525,595,5,11676,45.5,0,544.5
11/29/2023,36,18304965,875,4,2605,47.5,0,538.5
11/30/2023,39,16862190,546,6,1201,56.5,0.05,530.5
12/1/2023,39,6621840,378,3,7243,49,0,525
12/2/2023,37,13439509,598,4,7648,72.9,0.1,462
12/3/2023,37,13431150,597,4,7671,72.9,0.1,461.3
12/4/2023,39,10857480,644,6,10328,47.5,0,525.5
12/5/2023,36,17334480,686,3,3102,49,0,524.5
12/6/2023,36,16619955,651,5,5132,48.5,0,523.5
12/7/2023,36,16394535,595,5,6857,56.5,0,532
12/8/2023,33,14846580,574,5,7099,64,0,532
12/9/2023,37,13380998,593,4,7812,73.1,0.1,456.8
12/10/2023,37,13372639,593,4,7836,73.1,0.1,456.1
12/11/2023,39,15355545,742,7,5742,45,0,539
12/12/2023,39,12825150,595,7,6556,46.5,0,534
12/13/2023,42,13332945,616,8,11773,54.5,0,539.5
12/14/2023,42,15564075,700,7,13358,49,0,541
12/15/2023,42,5504940,280,5,19198,50,0.54,542
12/16/2023,37,13322487,589,4,7977,73.3,0.1,451.6
12/17/2023,37,13314128,588,4,8000,73.4,0.1,450.9
12/18/2023,42,19368000,672,8,11049,47,0,543.5
12/19/2023,42,17843235,609,7,9580,42.5,0,546.5
12/20/2023,42,16796100,714,6,11327,54.5,0,556
12/21/2023,36,16071750,560,7,7382,58,0.95,563.5
12/22/2023,39,9462060,427,5,9403,61,0.13,557
12/23/2023,36,13263976,584,4,8141,73.6,0.1,446.4
12/24/2023,36,13255617,584,4,8165,73.6,0.1,445.6
12/25/2023,36,13247258,583,4,8188,73.6,0.1,444.9
12/26/2023,39,15241980,525,5,2471,39.5,0,546.5
12/27/2023,39,13437705,595,6,8793,39.5,0,541.5
12/28/2023,39,17520390,623,5,15781,38.5,0,547
12/29/2023,39,6397035,364,2,2089,42.5,0,544
12/30/2023,36,13205465,580,4,8306,73.8,0.1,441.2
12/31/2023,36,13197106,579,4,8329,73.8,0.1,440.4
1/1/2024,39,15041505,655,6,11683,56.5,0.1,647.6
1/2/2024,42,14396820,686,5,23003,36,0.38,548
1/3/2024,42,18348870,700,4,15763,44.5,0,545.5
1/4/2024,39,13337280,616,6,20144,44,0.05,550.5
1/5/2024,42,11168385,504,3,11741,46.5,0.26,551.5
1/6/2024,38,14999712,652,6,11800,56.6,0.1,643.8
1/7/2024,38,14991353,651,6,11824,56.7,0.1,643.1
1/8/2024,42,16006830,560,5,23549,47.5,0.47,551
1/9/2024,42,12592455,455,7,23719,37,0,544.5
1/10/2024,42,12778110,504,8,33112,45,0,538
1/11/2024,42,13063575,616,8,17008,48.5,0,525
1/12/2024,42,8784555,420,4,9193,44.5,0,528
1/13/2024,38,14941201,647,6,11965,56.9,0.1,638.6
1/14/2024,38,14932842,647,6,11988,56.9,0.1,637.9
1/15/2024,38,14924483,646,6,12012,56.9,0.1,637.1
1/16/2024,42,6988050,273,7,9670,18,0,554
1/17/2024,42,11709405,637,9,24544,27,0,546
1/18/2024,42,11505885,483,7,21388,45,0,548
1/19/2024,42,8150475,441,6,14929,30,0,549
1/20/2024,38,14882690,643,6,12129,57.1,0.1,633.4
1/21/2024,38,14874331,642,6,12153,57.1,0.1,632.7
1/22/2024,36,5471010,385,9,42009,35,0.2,551.5
1/23/2024,42,2459970,266,6,18203,44,0.44,570
1/24/2024,42,4301955,406,8,24195,48.5,0,564
1/25/2024,42,4260180,399,8,18797,50.5,0,573
1/26/2024,42,2780775,189,6,12796,49.5,0.2,575.5
1/27/2024,38,14824179,638,6,12294,57.3,0.1,628.2
1/28/2024,38,14815820,638,6,12317,57.4,0.1,627.4
1/29/2024,42,13612575,567,10,36156,53,0,577
1/30/2024,42,13529625,413,6,19803,56,0,569.5
1/31/2024,42,13571535,553,7,4661,55,0,561.5
2/1/2024,42,18881445,630,6,20149,57.5,0,555.5
2/2/2024,42,17639550,497,7,19617,59.5,0.69,558.5
2/3/2024,38,14818139,643,6,11368,57.8,0.1,622.1
2/4/2024,38,14809780,642,6,11392,57.9,0.1,621.3
2/5/2024,39,21405795,728,8,22052,53,0,554.5
2/6/2024,39,18466965,707,4,15024,49,0,554.5
2/7/2024,39,15503775,665,5,20556,57.5,0,551.5
2/8/2024,39,19385160,679,8,20966,58.5,0,550
2/9/2024,36,13969740,595,5,7028,56.5,0,552
2/10/2024,38,14759628,638,6,11533,58.1,0.1,616.8
2/11/2024,38,14751269,638,6,11556,58.1,0.1,616.1
2/12/2024,42,22716975,903,7,17771,44,0,553.5
2/13/2024,42,15588225,609,9,15307,45,0,554
2/14/2024,42,15715020,658,7,22076,52.5,0,558
2/15/2024,42,14999340,609,6,18741,57,0,554
2/16/2024,42,11599680,651,5,8873,53,0,565
2/17/2024,38,14701117,634,6,11697,58.3,0.1,611.6
2/18/2024,38,14692758,633,6,11721,58.4,0.1,610.9
2/19/2024,42,15113805,798,10,29657,51,0,565
2/20/2024,36,14265345,581,5,23479,56.5,0,559.5
2/21/2024,36,20625240,875,7,3176,65,0,559.5
2/22/2024,36,17272725,630,5,14752,66,0,563
2/23/2024,36,19828035,714,4,7960,56,0,563.5
2/24/2024,38,14642606,629,6,11862,58.6,0.1,606.4
2/25/2024,38,14634247,629,6,11885,58.6,0.1,605.7
2/26/2024,33,15265005,714,8,17053,68.5,0,567
2/27/2024,33,20993820,721,5,9166,70,0,564
2/28/2024,36,21561510,791,6,6158,48.5,0,562
2/29/2024,36,21155805,777,6,1867,43,0.27,565
3/1/2024,36,21432510,546,4,11208,49,0,570
3/2/2024,38,14619849,632,5,10983,59.1,0.1,598.8
3/3/2024,38,14611490,632,5,11007,59.2,0.1,598
3/4/2024,36,18989025,1015,5,5478,70.5,0,573.5
3/5/2024,39,20612865,791,5,8524,63,0,575
3/6/2024,39,20358480,819,4,6504,61,0,574
3/7/2024,39,19296345,777,4,9461,63.5,1.33,575
3/8/2024,39,12432975,455,6,31338,54,0.03,576
3/9/2024,38,14561338,628,5,11148,59.4,0.1,593.6
3/10/2024,38,14552979,627,5,11171,59.4,0.1,592.8
3/11/2024,39,18453510,861,8,18975,53,0,578
3/12/2024,39,17006115,728,6,18362,63,0,575
3/13/2024,39,19381215,945,5,3401,70,0,566
3/14/2024,42,18966975,840,7,19000,74,0,555
3/15/2024,39,20446590,742,5,2791,61,0.38,560
3/16/2024,38,14502827,623,5,11312,59.6,0.1,588.3
3/17/2024,38,14494468,623,5,11336,59.7,0.1,587.6
3/18/2024,36,18094215,854,5,8223,47,0,606
3/19/2024,39,18844005,714,7,11450,49.5,0,607.5
3/20/2024,39,18419070,721,7,3600,59.5,0,608.5
3/21/2024,36,17097030,728,7,9306,59.5,0.29,609
3/22/2024,39,20410905,721,5,8562,60.5,0,609
3/23/2024,37,14444316,619,5,11477,59.9,0.1,583.1
3/24/2024,37,14435957,618,5,11500,59.9,0.1,582.4
3/25/2024,36,15907485,805,7,16639,56,0.07,610
3/26/2024,39,12622350,623,6,8631,46.5,0,599.5
3/27/2024,39,16565835,693,8,19871,49.5,0,587
3/28/2024,36,14245980,616,8,14817,53.5,0,586.5
3/29/2024,33,13158750,574,4,8524,67.5,0,586.5
3/30/2024,37,14385805,614,5,11641,60.1,0.1,577.9
3/31/2024,37,14377446,614,5,11665,60.1,0.1,577.2
4/1/2024,39,16771950,742,9,14637,71.5,0.33,595
4/2/2024,42,9641010,574,5,14507,54.5,0,584.5
4/3/2024,39,17204475,700,6,13562,56,0,581
4/4/2024,42,17681100,763,5,10299,59.5,0,581
4/5/2024,38,14388124,619,5,10692,60.6,0.1,572.5
4/6/2024,38,14379765,619,5,10716,60.6,0.1,571.8
4/7/2024,38,14371407,618,5,10739,60.6,0.1,571
4/8/2024,39,17422935,903,6,12165,63.5,2.47,563.5
4/9/2024,39,19748025,679,6,17535,63,0.99,556
4/10/2024,36,15319470,588,6,23484,56.5,0.11,553
4/11/2024,33,13012920,658,7,11584,57,0,553
4/12/2024,39,17165565,623,5,5127,60,0,546
4/13/2024,38,14321254,614,5,10880,60.8,0.1,566.5
4/14/2024,38,14312896,614,5,10904,60.9,0.1,565.8
4/15/2024,36,17427750,945,7,13504,73,0,541
4/16/2024,36,12392430,616,4,6377,76.5,0,536
4/17/2024,39,17809470,924,6,1947,78,0,527.5
4/18/2024,36,17373885,658,7,5228,72,0,522.5
4/19/2024,33,15027615,623,4,10096,62.5,0,518
4/20/2024,37,14262743,610,5,11045,61.1,0.1,561.3
4/21/2024,37,14254385,609,5,11068,61.1,0.1,560.6
4/22/2024,39,17599770,896,5,4088,55,0,508.5
4/23/2024,39,14892795,693,4,17402,65,0,518
4/24/2024,39,17835015,805,6,5810,73,0,509.5
4/25/2024,39,19059720,707,5,5711,73.5,0.01,499.5
4/26/2024,39,10777020,469,7,14977,74.5,0,516
4/27/2024,37,14204232,605,5,11209,61.3,0.1,556.1
4/28/2024,37,14195874,605,5,11232,61.4,0.1,555.4
4/29/2024,42,18681705,784,6,13175,70,0,513.5
4/30/2024,45,17210505,679,5,15677,72,0,499
5/1/2024,45,15514575,770,8,13777,74.5,0,495
5/2/2024,45,17337330,595,6,13900,73,1.72,494.5
5/3/2024,45,11964720,595,6,8951,73.5,1.19,502
5/4/2024,38,14189834,609,5,10307,61.9,0.1,549.2
5/5/2024,38,14181475,608,5,10330,61.9,0.1,548.5
5/6/2024,45,15362220,903,6,14654,77,0,499
5/7/2024,45,11428500,532,4,622,79,0,498.5
5/8/2024,42,14872455,903,4,13281,81.5,0,499.5
5/9/2024,45,11165430,567,3,6798,69.5,0,494.5
5/10/2024,45,10207545,539,3,6596,68.5,0,490.5
5/11/2024,38,14131323,604,5,10471,62.1,0.1,544
5/12/2024,38,14122964,604,5,10495,62.1,0.1,543.3
5/13/2024,45,20500395,637,5,15010,72.5,0,481
5/14/2024,45,11204715,532,2,4986,70.5,0,482
5/15/2024,45,11850825,525,5,2180,74,0,496
5/16/2024,45,9941175,406,5,16746,69.5,0.28,527.5
5/17/2024,45,6190935,287,6,29533,71,0,529
5/18/2024,37,14072812,600,5,10636,62.3,0.1,538.8
5/19/2024,37,14064453,599,5,10659,62.4,0.1,538
5/20/2024,42,15882780,630,6,31703,82,0,524
5/21/2024,42,11847405,490,4,5110,83,0,540.5
5/22/2024,45,14728230,455,4,16320,78,0.42,539.5
5/23/2024,42,7829055,266,5,16480,82,0,532.5
5/24/2024,42,8128890,427,3,14542,81.5,0.36,526.5
5/25/2024,37,14014301,596,5,10800,62.6,0.1,533.6
5/26/2024,37,14005942,595,5,10824,62.6,0.1,532.8
5/27/2024,37,13997583,594,5,10847,62.6,0.1,532.1
5/28/2024,42,4879425,126,10,65285,72,1.64,535
5/29/2024,42,11026560,721,7,29202,77.5,0.01,527
5/30/2024,42,15044430,511,7,29789,71,0.96,518
5/31/2024,42,5121345,294,7,18913,75.5,0.44,508
6/1/2024,38,14008261,600,5,9875,63.1,0.1,527.4
6/2/2024,38,13999902,599,5,9898,63.1,0.1,526.7
6/3/2024,45,13034865,504,9,21521,79.5,0.02,493
6/4/2024,45,8897565,413,7,9953,80.5,0.07,489.5
6/5/2024,45,9337860,343,8,19071,79,0.89,494
6/6/2024,45,8552475,378,7,20738,79.5,0,506
6/7/2024,45,11155830,448,5,10690,82.5,0,511.5
6/8/2024,38,13949750,595,5,10039,63.3,0.1,522.2
6/9/2024,38,13941391,595,5,10063,63.4,0.1,521.5
6/10/2024,45,12406755,469,7,31002,79,0,510
6/11/2024,45,9948105,553,6,8939,76,0,496
6/12/2024,45,9124845,455,6,6413,81,0,498
6/13/2024,45,8742510,385,4,13560,82,0,485
6/14/2024,37,13899598,592,5,10180,63.5,0.1,517.8
6/15/2024,37,13891239,591,5,10204,63.6,0.1,517
6/16/2024,37,13882880,590,5,10227,63.6,0.1,516.3
6/17/2024,39,18138840,553,5,16222,86.5,0,505
6/18/2024,42,9903765,441,3,8822,85,0,500.5
6/19/2024,39,16018695,532,5,2503,82.5,0,500.5
6/20/2024,39,11030430,511,4,16430,85,0,472.5
6/21/2024,39,10225890,455,3,4744,85,0,454.5
6/22/2024,37,13832728,586,5,10368,63.8,0.1,511.8
6/23/2024,37,13824369,586,5,10392,63.8,0.1,511
6/24/2024,39,19606740,644,5,21037,85.5,0,459
6/25/2024,39,15690120,609,3,11028,88.5,0,457
6/26/2024,39,19363485,595,4,17548,91,0,464
6/27/2024,36,19388400,497,5,13716,87,0,461.5
6/28/2024,36,17136345,567,4,7553,90.5,0,452
6/29/2024,37,13774217,582,5,10533,64,0.1,506.6
6/30/2024,37,13765858,581,5,10556,64.1,0.1,505.8
7/1/2024,42,18715305,644,6,13076,88.5,0,445
7/2/2024,39,19310550,644,3,1355,90.5,0,452
7/3/2024,39,16754790,560,4,3768,88.5,0,454
7/4/2024,38,13776536,587,4,9584,64.5,0.1,501.2
7/5/2024,33,7585695,329,4,8301,78.5,0.08,446
7/6/2024,38,13759819,586,4,9631,64.6,0.1,499.7
7/7/2024,37,13751460,585,4,9654,64.6,0.1,498.9
7/8/2024,39,20745750,714,5,1580,78,0.01,444
7/9/2024,36,15480495,511,3,8323,81,0,438.5
7/10/2024,36,11553810,693,5,25508,83,0,438.5
7/11/2024,36,14032515,616,6,19122,86,0,446
7/12/2024,27,9091095,490,3,7162,84.5,0,437.5
7/13/2024,37,13701308,581,4,9795,64.8,0.1,494.5
7/14/2024,37,13692949,581,4,9819,64.9,0.1,493.7
7/15/2024,27,16520865,770,7,14016,90,0,418.5
7/16/2024,36,11010945,427,3,5029,91.5,0,418.5
7/17/2024,36,13064370,518,4,18812,84,0,481
7/18/2024,33,16497150,588,5,20780,82,0,494.5
7/19/2024,36,19984200,581,3,2249,81.5,0,502
7/20/2024,37,13642797,577,4,9960,65.1,0.1,489.3
7/21/2024,37,13634438,576,4,9983,65.1,0.1,488.5
7/22/2024,36,23491875,700,5,13253,80.5,0,496.5
7/23/2024,36,22811235,735,3,9527,79,0,490.5
7/24/2024,36,16774905,644,2,2646,81.5,0,495
7/25/2024,33,19416735,672,3,7576,81.5,0,505
7/26/2024,33,12226350,504,2,1617,79,0,510.5
7/27/2024,37,13584286,572,4,10124,65.3,0.1,484
7/28/2024,37,13575927,572,4,10148,65.3,0.1,483.3
7/29/2024,33,19991250,756,5,7001,88,0,493
7/30/2024,36,17285805,777,3,7206,88,0,502
7/31/2024,33,15791415,644,3,9800,89,0,500
8/1/2024,36,15781575,567,4,13369,90.5,0,501
8/2/2024,33,13860615,574,3,6382,87,0,505
8/3/2024,38,13578246,577,4,9199,65.8,0.1,477.9
8/4/2024,37,13569887,576,4,9222,65.8,0.1,477.2
8/5/2024,36,17184255,798,6,11138,83,0,507
8/6/2024,33,12622950,553,3,2749,86,0,514.5
8/7/2024,36,11729325,707,3,1276,88,0,514
8/8/2024,37,13536453,573,4,9316,66,0.1,474.2
8/9/2024,36,9404115,532,2,2663,81,0,525.5
8/10/2024,37,13519735,572,4,9363,66,0.1,472.7
8/11/2024,37,13511376,571,4,9387,66.1,0.1,471.9
8/12/2024,36,17899965,798,4,12278,90,0,524.5
8/13/2024,36,12195255,567,2,841,90.5,0,519
8/14/2024,36,11007630,700,4,5421,91,0,525
8/15/2024,37,13477942,569,4,9481,66.2,0.1,469
8/16/2024,36,5805105,427,3,18750,93,0,529.5
8/17/2024,37,13461224,568,4,9528,66.3,0.1,467.5
8/18/2024,37,13452865,567,4,9551,66.3,0.1,466.7
8/19/2024,33,17997645,700,2,1482,91.5,0,528
8/20/2024,30,9755145,553,3,13551,91,0,513.5
8/21/2024,36,15655335,630,4,14477,88,0,512.5
8/22/2024,36,14449035,476,3,8714,89,0,521.5
8/23/2024,36,7332630,399,3,15031,93,0,506.5
8/24/2024,37,13402713,563,4,9692,66.5,0.1,462.2
8/25/2024,37,13394354,562,4,9716,66.6,0.1,461.5
8/26/2024,36,21519825,623,4,11330,86.5,0,495
8/27/2024,36,13904145,574,4,9527,84,0.2,493.5
8/28/2024,36,10021995,448,4,8871,85.5,0,495
8/29/2024,36,13618845,602,3,9796,86,0,496.5
8/30/2024,36,14143905,518,3,6107,84,0,494
8/31/2024,36,13344202,559,4,9857,66.8,0.1,457
9/1/2024,37,13388315,567,4,8790,67.1,0.1,455.4
9/2/2024,37,13379956,566,4,8814,67.1,0.1,454.6
9/3/2024,36,19685895,693,6,7144,75,0.65,487
9/4/2024,36,14336865,462,6,11306,72.5,0.38,486
9/5/2024,33,14012805,476,5,18939,80.5,0,498.5
9/6/2024,39,10384125,490,3,5081,81.5,0.06,487.5
9/7/2024,37,13338162,563,4,8931,67.3,0.1,450.9
9/8/2024,37,13329804,562,4,8955,67.3,0.1,450.1
9/9/2024,33,13053750,560,5,18748,69,0,480.5
9/10/2024,36,14374170,665,4,10726,70,0,483
9/11/2024,36,11444325,504,6,14166,73,0.01,490.5
9/12/2024,36,17563950,623,4,8907,76.5,0,487
9/13/2024,33,12872880,469,4,8694,77.5,0,480
9/14/2024,37,13279651,559,4,9096,67.5,0.1,445.7
9/15/2024,37,13271293,558,4,9119,67.5,0.1,444.9
9/16/2024,36,17312400,672,4,10920,81.5,0,510
9/17/2024,33,15462420,581,4,3691,80.5,0,517
9/18/2024,36,11393385,693,4,4750,84,0,514.5
9/19/2024,39,16308000,651,3,5920,88,0,508.5
9/20/2024,36,14954295,665,3,2385,87.5,0,512
9/21/2024,37,13221140,554,4,9260,67.7,0.1,440.5
9/22/2024,37,13212782,553,4,9284,67.8,0.1,439.7
9/23/2024,36,17764380,791,5,6582,72,0.57,528.5
9/24/2024,36,12664320,553,5,10283,75.5,0,535
9/25/2024,36,8946000,539,4,2807,72.5,0,525
9/26/2024,33,17591610,721,4,8293,70.5,0,525
9/27/2024,33,8723460,560,4,8822,72,0,534.5
9/28/2024,36,13162629,550,4,9425,68,0.1,435.2
9/29/2024,36,13154271,549,4,9448,68,0.1,434.5
9/30/2024,33,17238195,763,4,6181,73.5,0,521
10/1/2024,33,10500480,560,2,3998,76,0,524
10/2/2024,39,12327915,756,5,9496,74.5,0,531
10/3/2024,37,13164948,555,4,8476,68.5,0.1,429.8
10/4/2024,39,9570720,448,3,10123,77,0,523.5
10/5/2024,37,13148231,553,4,8523,68.5,0.1,428.4
10/6/2024,37,13139872,553,4,8546,68.6,0.1,427.6
10/7/2024,36,19373730,672,4,12652,76.5,0,528.5
10/8/2024,36,8225970,448,4,4659,71.5,0,523
10/9/2024,36,12242400,462,4,6044,72.5,0,533
10/10/2024,36,8865435,546,4,3943,76.5,0,528
10/11/2024,36,9533700,504,4,14399,77.5,0,527.5
10/12/2024,37,13089720,549,4,8687,68.8,0.1,423.1
10/13/2024,37,13081361,548,4,8711,68.8,0.1,422.4
10/14/2024,33,18140640,707,4,13820,69,0,527
10/15/2024,30,11314710,553,3,5025,73.5,0,529.5
10/16/2024,30,9275610,455,3,7362,54.5,0,522
10/17/2024,33,12082440,567,3,9492,54,0,525
10/18/2024,33,14406435,504,2,4926,65.5,0,527.5
10/19/2024,37,13031209,544,4,8852,69,0.1,417.9
10/20/2024,37,13022850,544,4,8875,69,0.1,417.2
10/21/2024,30,14691150,721,4,4892,65.5,0,527
10/22/2024,36,8063625,490,2,5013,76.5,0,523.5
10/23/2024,36,13756020,574,2,3438,78,0,526
10/24/2024,36,12989415,541,4,8969,69.2,0.1,414.2
10/25/2024,36,10345875,406,3,4333,77.5,0,531.5
10/26/2024,36,12972698,540,4,9016,69.2,0.1,412.7
10/27/2024,36,12964339,539,4,9040,69.3,0.1,412
10/28/2024,36,17148720,665,3,1898,79,0,535.5
10/29/2024,36,16836660,581,2,5342,79.5,0,542.5
10/30/2024,36,12421530,455,3,1695,81,0,553
10/31/2024,39,7696185,511,3,5951,67,0.75,548
11/1/2024,39,8352930,385,4,8636,63,1.39,559
11/2/2024,37,12966658,544,3,8091,69.8,0.1,406.6
11/3/2024,37,12958300,544,3,8114,69.8,0.1,405.8
11/4/2024,39,13473735,553,3,10470,71,0.41,563
11/5/2024,39,8253615,287,2,7989,56.5,0.02,557.5
11/6/2024,39,9079935,329,3,5782,57,0,571
11/7/2024,39,10944405,441,3,5803,60,1.08,565
11/8/2024,39,8190810,266,4,29053,65,0.05,558
11/9/2024,37,12908147,540,3,8255,70,0.1,401.4
11/10/2024,37,12899789,539,3,8279,70,0.1,400.6
11/11/2024,36,17220750,602,4,10088,60,0,568
11/12/2024,39,14327685,406,4,12246,58.5,0,574.5
11/13/2024,42,9340155,392,2,6194,59,0,585
11/14/2024,39,13951740,525,4,19667,54,0,590
11/15/2024,42,12324090,413,3,20641,53,0,570
11/16/2024,37,12849636,535,3,8420,70.2,0.1,396.1
11/17/2024,37,12841278,535,3,8443,70.3,0.1,395.4
11/18/2024,42,13938735,553,5,13731,63,0.91,605.5
11/19/2024,42,9138195,406,6,21881,57.5,0,617
11/20/2024,42,18579525,511,4,16776,49,0,609
11/21/2024,42,15106200,644,4,5731,50,0,597.5
11/22/2024,42,17514660,532,5,6157,49,0,591
11/23/2024,36,12791125,531,3,8584,70.5,0.1,390.9
11/24/2024,36,12782767,530,3,8608,70.5,0.1,390.2
11/25/2024,36,18184155,595,6,7729,54.5,0,587.5
11/26/2024,36,16612785,525,3,7484,45.5,0,593.5
11/27/2024,36,16565820,665,5,7007,67,0,589
11/28/2024,36,12749332,528,3,8702,70.6,0.1,387.2
11/29/2024,36,12740973,527,3,8725,70.7,0.1,386.4
11/30/2024,36,12732614,526,3,8749,70.7,0.1,385.7
12/1/2024,37,12768368,534,3,7706,71,0.1,383.3
12/2/2024,36,20913480,770,4,3784,45.5,0,594.5
12/3/2024,36,13247115,539,2,8015,44.5,0,595.5
12/4/2024,36,17376405,672,4,7481,50.5,0.2,592
12/5/2024,39,13174635,476,5,15877,45,0,579
12/6/2024,39,17778585,539,3,3821,38.5,0,569.5
12/7/2024,37,12718216,530,3,7847,71.2,0.1,378.8
12/8/2024,37,12709857,529,3,7870,71.3,0.1,378.1
12/9/2024,39,15549165,581,5,16270,57,0,567
12/10/2024,39,14566410,518,4,11676,41,0,564
12/11/2024,39,12593790,560,4,7040,42.5,0,559
12/12/2024,36,12059340,581,3,10039,47,0,552
12/13/2024,36,14489820,532,3,3905,56,0.02,540
12/14/2024,37,12659705,525,3,8011,71.5,0.1,373.6
12/15/2024,36,12651346,525,3,8035,71.5,0.1,372.9
12/16/2024,39,18494490,609,6,23555,65,0,532
12/17/2024,42,16623675,637,4,9227,60,0.01,540
12/18/2024,42,17224275,623,4,9756,49,0.17,558.5
12/19/2024,39,19879410,672,6,5572,44.5,0,566
12/20/2024,39,14997075,644,5,1155,43,0,570
12/21/2024,36,12601194,521,3,8176,71.7,0.1,368.4
12/22/2024,36,12592835,520,3,8199,71.8,0.1,367.6
12/23/2024,33,19868865,588,7,6740,60.5,0,571.5
12/24/2024,36,12576118,519,3,8246,71.8,0.1,366.1
12/25/2024,36,12567759,518,3,8270,71.9,0.1,365.4
12/26/2024,33,17880705,588,5,7009,53.5,0.85,571.5
12/27/2024,30,16782120,476,3,13195,56,0,564.5
12/28/2024,36,12542683,517,3,8340,72,0.1,363.2
12/29/2024,36,12534324,516,3,8364,72,0.1,362.4
12/30/2024,30,13290525,665,9,19002,63,0,555
12/31/2024,36,12517607,515,3,8411,72.1,0.1,360.9
1/1/2025,38,14362006,590,5,11764,54.7,0.1,568.1
1/2/2025,36,16306755,742,8,15861,44,0,539.5
1/3/2025,36,17053440,791,6,20426,48,0,542.5
1/4/2025,38,14336930,588,5,11834,54.8,0.1,565.8
1/5/2025,38,14328571,588,5,11858,54.8,0.1,565.1
1/6/2025,39,21039900,826,4,11737,29.5,0,551.5
1/7/2025,39,18459105,602,5,4527,29,0,560
1/8/2025,39,11386785,651,4,8076,31,0,562
1/9/2025,38,14295137,585,5,11952,54.9,0.1,562.1
1/10/2025,38,14286778,585,5,11975,55,0.1,561.4
1/11/2025,38,14278419,584,5,11999,55,0.1,560.6
1/12/2025,38,14270060,583,5,12022,55,0.1,559.9
1/13/2025,39,13989810,609,7,13343,36.5,0,550
1/14/2025,36,4921230,448,4,5744,38,0,545
1/15/2025,39,10220925,616,5,8925,42,0,567
1/16/2025,39,9643230,469,5,9831,43,0,601
1/17/2025,39,10113255,525,2,9682,52,0,594.5
1/18/2025,38,14219908,579,5,12163,55.3,0.1,555.4
1/19/2025,38,14211549,579,5,12187,55.3,0.1,554.6
1/20/2025,39,12772275,672,4,19700,26.5,0,594.5
1/21/2025,39,9197370,322,3,11255,25,0,583
1/22/2025,33,7235190,420,4,4440,36,0,572.5
1/23/2025,27,5741925,343,5,10093,34,0,569.5
1/24/2025,39,6759915,336,4,16982,37,0,566.5
1/25/2025,37,14161397,575,5,12328,55.5,0.1,550.2
1/26/2025,37,14153038,574,5,12351,55.5,0.1,549.4
1/27/2025,39,16736880,644,5,22517,14.5,0,559
1/28/2025,39,15347160,546,4,11329,29,0,562
1/29/2025,39,7429410,350,6,16594,55,0.64,576
1/30/2025,33,7898235,364,5,9421,57,0.96,574.5
1/31/2025,39,8135820,539,5,16339,50.5,0,592
2/1/2025,38,14155357,579,5,11402,56,0.1,544
2/2/2025,38,14146999,579,5,11426,56,0.1,543.3
2/3/2025,39,16282200,609,7,12291,68.5,0,596
2/4/2025,39,11704470,630,4,5683,56.5,0,567
2/5/2025,39,19817160,665,6,4654,59,0,573
2/6/2025,39,12278175,539,4,2200,64.5,0,573
2/7/2025,39,11953440,553,4,3050,56.5,0,592
2/8/2025,38,14096846,575,5,11567,56.2,0.1,538.8
2/9/2025,38,14088488,574,5,11590,56.3,0.1,538.1
2/10/2025,36,16377210,770,5,2657,41,0.1,587.5
2/11/2025,33,9158430,413,4,5262,41.5,0.26,584.5
2/12/2025,33,11129880,420,5,13546,35,0.57,605
2/13/2025,36,8704170,483,3,2466,28.5,0,605
2/14/2025,36,6476715,378,6,13890,43,0,611
2/15/2025,38,14038335,570,5,11731,56.5,0.1,533.6
2/16/2025,38,14029977,570,5,11755,56.5,0.1,532.9
2/17/2025,33,14147250,658,5,25053,39.5,0,611
2/18/2025,36,9642900,420,4,2104,33,0.01,618
2/19/2025,36,4236135,273,7,17494,19.5,0,613.5
2/20/2025,36,6857955,147,7,22326,20,0,618.5
2/21/2025,33,6130200,392,6,10089,26,0,621.5
2/22/2025,37,13979824,566,5,11896,56.7,0.1,528.4
2/23/2025,37,13971466,565,5,11919,56.7,0.1,527.6
2/24/2025,33,7769700,567,7,16275,51.5,0,624
2/25/2025,36,6506670,357,6,9380,56,0,640
2/26/2025,36,17041545,483,5,10995,66,0,620.5
2/27/2025,36,11351790,518,6,9127,54.5,0,631
2/28/2025,36,16222605,525,4,4840,52,0,637
3/1/2025,38,13948709,568,5,11041,57.3,0.1,520
3/2/2025,38,13940350,568,5,11064,57.4,0.1,519.3
3/3/2025,36,12224340,567,4,13313,62,0,645.5
3/4/2025,36,15013110,546,4,15703,59,0.45,662.5
3/5/2025,36,12229050,637,6,11497,47,0,653.5
3/6/2025,36,12850305,595,6,11010,48.5,0,632
3/7/2025,36,12483885,574,4,7851,69.5,0,645.5
3/8/2025,38,13890198,564,5,11205,57.6,0.1,514.8
3/9/2025,38,13881839,563,5,11229,57.6,0.1,514.1
3/10/2025,38,13873480,562,5,11252,57.6,0.1,513.3
3/11/2025,38,13865121,562,5,11276,57.7,0.1,512.6
3/12/2025,39,17741265,588,6,14624,66.5,0,652
3/13/2025,39,16649280,644,5,5081,66,0,644
3/14/2025,39,13637115,560,5,3642,71,0,646
3/15/2025,38,13831687,559,5,11370,57.8,0.1,509.6
3/16/2025,37,13823328,559,5,11393,57.8,0.1,508.8
3/17/2025,36,18089175,770,4,5475,59.5,0,664.5
